title,conversation
Versicherungen,[]
Zugriff verweigert,[]
Willis Versicherung,"['Hallo @ all,', 'wir haben im Oktober 2018 unsere PV - Anlage, über den Winaico Rahmenvertrag, im Willis Online Portal versichert. Jetzt etwa 1 Jahr später hab ich festgestellt, das mir Unterlagen dazu fehlen bzw. abhanden gekommen sind. In der Regel ist das bei Versicherern mit einer E-Mail erledigt und man hat Post im Briefkasten.', 'Bei Willis scheint es aber eines zu sein.', 'Im Online Portal hatte ich keinen Zugang mehr (Zugangsdaten definitiv richtig eingegeben), keine Reaktion auf E-Mail´s seit 3 Wochen und telefonisch bekommt man auch niemanden.', 'Meine Frage an euch wäre : Hat bisher jemand von euch in irgendeiner Form Kontakt zu WIllis gehabt bzgl. einer Anfrage oder eines Schaden´s?', 'Selbst wenn mit dem Versicherer alles in Ordnung ist/wäre dann möchte ich nach meiner persönlichen Erfahrung jetzt, mit denen keinen Schaden abwickeln wollen.', 'Berichtet bitte mal von euren ""ECHTEN"" Erfahrungen und nicht nur das man komplikationslos euren Beitrag genommen hat', 'Danke euch schon mal im voraus!', 'Hat denn hier niemand eine Versicherung bei Willis für seine PV -Anlage ? Mein Stand der Dinge ist derzeit . das die 4te Woche der versuchten Kontaktaufnahme morgen vorbei ist und ich bisher lediglich eine ""Vermittlung"" erreicht habe. Interessant daran ist, das ich ja ""nur"" fehlende Papiere haben will. Bei einem Schaden sollte man sich wohl sicherheitshalber direkt an einen Anwalt wenden.', 'Hallo, mein Konto war ebenfalls gesperrt. Nach einem Passwort Reset über die Website kann ich wieder zugreifen. Ich habe keine Erfahrungen mit Kontaktaufnahme, eine kurze Googlesuche hat zumindest keine Anzeichen für eine Insolvenz aufgezeigt.', 'Einen guten Eindruck macht das aber nicht ...', 'Hallo Zusammen,', '', 'der Risikoträger zu Eurer Photovoltaikversicherung scheint die ERGO Versicherung zu sein. Versucht doch darüber etwas zu erreichen.', '', 'Gruß', 'rosa', 'rosa', 'Danke für die Info.', 'Aber es wird wohl darauf hinaus laufen , das wir beim ersten Schaden an der Anlage, direkt den Anwalt einschalten werden. Jetzt brauche ich nur Papiere aber wenn es mal einen Schaden gibt, habe ich für so einen Mist keine Zeit. Von meiner Seite kann ich nur sagen: Finger weg von WIllis!', 'Hallo zusammen,', '', 'ich versuche aktuell ebenfalls einen Schaden bei Willis zu melden. Ich habe bei der Zentrale in Frankfurt angerufen, aber scheinbar ist da seit 2 Tagen niemand erreichbar, an den mich die Zentrale verbinden könnte. An wen habt ihr euch denn gewendet? Ich überlege auch schon das meinem Anwalt zu übergeben, weil ich mir ziemlich ver..scht vorkomme.', 'Hi mhosun,', 'im Prinzip genau meine Erfahrungen mit Willis, nur halt ohne Schaden an der PV Anlage. Ich hoffe mal das es so bleibt. Vielleicht setzt du denen nochmal schriftlich eine Frist und dann ab zu Anwalt...', 'Ich habe nochmal in meinen Unterlagen geschaut. Ich habe die Versicherung über einen Rahmenvertrag von meinem PV-Anbieter abgeschlossen. Ich bin also ""nur"" mit-versichert. Der Anbieter ist mittlerweile pleite gegangen bzw. gibt es nicht mehr. Von daher gehe ich davon aus, dass mein Versicherungsschutz ebenfalls hopps gegangen ist, weil es den Vertrag mit dem Anbieter nicht mehr geben wird. Kennt sich da jemand aus, bzw. habe ich dann weiter anspruch auf die Versicherung bevor ich da jetzt ein Fass mit Anwalt und Co. aufmache.', '', 'Danke u Gruß', 'Das hört sich alles nicht nach dem an, was man in einer Versicherung sucht - nämlich Sicherheit', '', 'Ich stehe auch kurz vor der Entscheidung, da für 10J im Vorraus zu bezahlen.', '', 'Ich habe den in der Police angegebenen Makler angeschrieben: Reply: nicht verfügbar auf unbestimmte Zeit. Ich habe nun einen weiteren Kontakt bei Willis, den ich hier im Forum gefunden habe, angeschrieben - mal sehen.', '', 'Ich habe aber zurzeit auch kein gutes Gefühl.', '', 'Ich finde auch in dem Policen-Dokument keine Angabe, wie die Regulierung wirklich abläuft: Kontakt, Zeiten etc. Habt ihr dazu Erfahrung?', 'Ok, gerade eine Nachricht vom Mailsystem von Willis bekommen. Person scheint dort nicht mehr zu arbeiten.']"
Welche PV Versicherung,"['Hallo zusammen,', '', 'ich betreibe eine PV Anlage mit 47 kW/p. Selbstverständlich habe ich eine Komplettversicherung inkl. Ertragsausfall abgeschlossen. Letztes Jahr ging mein Wechselrichter kaputt und ich musste viele Wochen auf einen neuen warten. Die Versicherung teilte mir mit, dass ich den Ertragsausfall nicht geltend machen könne, weil es sich bei dem Schaden um einen Gewährleistungsfall innerhalb der 10 Jahres Garantie handle.', '', 'Jetzt zu meiner Frage:', '', 'Welche PV Versicherung deckt so einen Schaden ab und in welcher Höhe. Hat jemand auch gute oder schlechte Erfahrungen mit Versicherungen gemacht.', '', ""Ich freue mich auf gute Info's."", '', 'Grüße.\nMichi.', 'Moin Michi,', '', 'willkommen im PV-Forum .', '', 'Das ist natürlich schlecht. Sicherlich handelte es sich um einen ABB WR.', '', 'Bzgl. Schadenabwicklung kann ich Dir aus eigener Erfahrung die Condor via ROSA Versicherungen empfehlen.\nGibt aber noch andere sehr gute Versicherungen wie z.B. KRIST etc.', '', 'Gruß\nMBiker_Surfer', 'Hallo Michi,', '', 'die Begründung Gewährleistungsfall ist meiner Meinung nach nicht ganz richtig. Hier wird es eher daran gelegen haben, dass kein versicherter Sachschaden vorlag. Der WR ist doch einfach nur so ausgefallen oder? Oder gab es ein Ereignis ( Blitzüberspannung, Bedienungsfehler oder ähnliches) voher? Sollte der WR durch einen technischen Defekt ausgefallen sein, hätte hier meines Wissens nach auch kein anderer Versicherer den Ertragsausfall geleistet.', '', 'Gruß\nLemke', 'Sollte der WR durch einen technischen Defekt ausgefallen sein, hätte hier meines Wissens nach auch kein anderer Versicherer den Ertragsausfall geleistet.\nGruß\nLemke', '', 'Und genau hier irrst Du Dich eben gewaltig', '', 'Gruß\nMBiker_Surfer', 'Genau um das geht es mir. Es gab keinen Blitzschlag, Überspannung etc, aber trotzdem fiel der WR aus. Es war nur ein Relais, aber der ""Service"" von ABB wechselte gleich den ganzen WR aus, was sich über viele Wochen hinzog. Letztendlich hat ABB dann aus ""Kulanz"" doch einen kleinen Betrag überwiesen, aber auch erst, als ich mich mit der Zentrale in der Schweiz kurzgeschlossen hatte. Meine Versicherung zahlte ebenfalls aus ""Kulanz"" einen gar noch kleineren Betrag. Deswegen suche ich eine neue Versicherung, die eben genau solche Schäden abdeckt, gepaart mit einem Dienstleister (rosa, Krist etc.), der auch im Schadenfall hinter mir steht.', '', 'Grüße.\nMichi.', 'Hallo Einstein,', '', 'entweder habe ich das bei der Condor überlesen oder es ist auch dort nicht versichert. Wo steht das denn in den aktuellen Bedingungen der Condor', 'Hallo Einstein,', '', 'entweder habe ich das bei der Condor überlesen oder es ist auch dort nicht versichert. Wo steht das denn in den aktuellen Bedingungen der Condor', '', 'Vllt. meinst Du mich\nDaher schreibe ich ja, ROSA, Krist etc. - die haben bessere Bedingungen als CONDOR Standard!', '', 'Gruß\nMBiker_Surfer', 'Ja Logo meinte ich dich,', '', 'sorry war wohl irritiert bezgl. Forumseinstein und habe das verwechselt.', '', 'Habe mir die besonderen Bedingungen bei Roso gezogen und ich finde da nichts!!!!', '', 'Vielleicht kannst du mir ja die Stelle nenne wo das steht.', 'Vielleicht kannst du mir ja die Stelle nenne wo das steht.', '', 'Stichwort ist da: Innere Betriebsschäden und Unterbrechung. TCR 1143 und TCR 4203 (aus meiner Police entnommen)', '', 'Gruß\nMBiker_Surfer', 'Hallo MBIKER_SURFER,', '', 'du hast Recht!! bis 1.500 € wäre es tatsächlich versichert. Hatte die TCR 4203 erst anders interpretiert. Habe dann mal unseren Spezialisten bei der Inter (auch bei ROSA) angerufen. Der Spezi dort hat mir die Deckung bestätigt. Bei der Inter Premiumdeckung ( habe ich ) wäre es auch versichert. Allerdings nur bis 500 €.', '', 'Gruß Lemke']"
Nochmalige Garantieverlängerung für 10 Jahre altem SMA Wechselrichter?,"['Meine Anlage besteht am 10. Oktober für 10 Jahre. Teil der Anlage ist ein SMA Tripower 10000TL-10. Dieser hat schon vor 5 Jahren eine Garantieverlängerung bekommen. Seither lief der WR ohne Probleme. Er hatte aber auch schon den grünen „Quality ok“-Aufkleber.', '', 'Da ich nichts gefunden habe zuerst folgende Frage:', 'Gerade wenn ich mir so die Verfügbarkeit in diversen Shops anschaue, dann scheint es so zu sein, dass größere WRs nicht oder nur mit einem halben Jahr Verzögerung lieferbar sind.', '', '(Vor gleicher Fragestellung stehe ich mit einem SMA Tripower 8000TL-20 dann nochmal im Januar.', '', 'Wäre für Tipps und Meinungen dankbar.', 'Da es hier im Forum scheinbar niemand wusste und mein Solarteur sich nicht gemeldet hat, habe ich gestern SMA selber angeschrieben.', '', 'Zuerst: Hammer-Reaktionszeit von SMA. Gestern (Sonntag) eine Mail hingeschrieben, heute um 9:30h eine Rückantwort gehabt. Sehr geniale Reaktionszeit.', '', 'Hier die Antwort:', '1.) Für die TL-10-Serie wird ""aufgrund von Entwicklungen in der LIeferkette"" keine Verlängerungsoption der Garantie mehr angeboten. Reparatur oder AT-Geräte werden weiterhin angeboten.', '2.) Für meinen 8.000 TL-20 ist eine Verlängerung um weitere 5 oder 10 Jahre aber möglich.', '', 'Bin gerade am Überlegen ob ich direkt 10 Jahre mache.', 'Was kostet die Verlängerung? Was kostet aktuell ein neuer WR?', 'Ich stand auch vor der Entscheidung. Bei mir hat es sich nicht rentiert.', 'Was kostet die Verlängerung? Was kostet aktuell ein neuer WR?', 'Für den STP-8000 sind es 330 Euro Netto für 5 Jahre Verlängerung bzw. 660 Euro für 10 Jahre. Vor 5 Jahren waren es IMO noch unter 300 Euro.', 'Verkauft wird er gerade für 2.000 bis 2.500 Euro.', 'Geliefert wird er allerdings erst in 24 bis 30 Wochen, bei so ziemlich jedem Internet-Shop.', 'Ich stand auch vor der Entscheidung. Bei mir hat es sich nicht rentiert.', 'Ob es sich rentiert, weiss ich ehrlich gesagt auch nicht. Im Endeffekt hast Du über die komplette Garantiezeit von 20 Jahren den halben Neu-Preis ausgegeben und dann ggf. ein 20 Jahre altes Gerät.', 'Aber meine Gedankengänge sind:', '1.) Zurzeit gibt es scheinbar keine SMA-WRs schnell verfügbar. SMA will zwar bi 2024 von 20 auf 40GW Output allein in Kassel hoch, aber das hilft mir a.) jetzt nichts und b.) ist es nicht unwahrscheinlich, dass die gesamten 40 GW 2024 vom Markt absorbiert werden werden.', '2.) Frage ich mich ob es nicht besser ist jetzt nochmal 660 Euro zu investieren und dann wirklich 20 Jahre lang save zu sein oder mit Pech im 15. Jahr nochmal 2.000 Euro für 5 Jahre EEG-Restlaufzeit zu investieren.', '', 'Das sind so meine Gedankengänge.', 'Mal ein ganz anderer Gesichtspunkt. Wenn nächstes Jahr eh die steuerliche Neuregelung kommt, wäre es unter Umständen sinnvoll, dieses Jahr nochmals die Ausgaben zu erhöhen, um einen steuerlichen Verlust zu haben. Die MwSt bekommt man ja auch erst nächstes Jahr ersetzt. Damit könnten sich solche Garantieverlängerungen richtig lohnen …', 'Ich habe mich jetzt mit der Themaik echt noch nicht beschäftigt, aber trifft das nicht nur Neuanlagen ab 2023? Ich bin eigentlich davon ausgegangen, dass ich als Altanlagenbetreiber immer noch unter die alte Gesetzgebung fallen.', '', 'Ganz davon abgesehen: Ich habe jetzt für den WR, wo die Verlängerung noch möglich war auf die kompletten 20 Jahre verlängert. Der Code ist schon eingegeben. Ich warte jetzt allerdings schon zwei werktage darauf, dass der Garantiezeitraum ""binnen 24 Stunden"" aktualisiert wird.', '', 'Ansonsten ist aber bisher alles gut von Seiten SMA gelaufen, was die Reaktionszeiten angeht.', 'Habt Ihr mal auf der SMA Seite unter Produktregistrierung geschaut? Bei meinem Okt-2021 gekauften WR (STP10.0) war ein Garantieverlängerungskärtchen dabei. Das ging online und 5 (?) Jahre gab es zusätzlich on top, jetzt bis Okt-2031... war evtl nur eine kurze Aktion von SMA?', '', 'Habt Ihr mal auf der SMA Seite unter Produktregistrierung geschaut? Bei meinem Okt-2021 gekauften WR (STP10.0) war ein Garantieverlängerungskärtchen dabei. Das ging online und 5 (?) Jahre gab es zusätzlich on top, jetzt bis Okt-2031... war evtl nur eine kurze Aktion von SMA?', 'Das scheint es immer noch zu geben. Damit passt SMA quasi die Garantielänge der der Konkurrenz an.', 'Geht halt nur bei neuen WRs.', 'Ganz davon abgesehen: Ich habe jetzt für den WR, wo die Verlängerung noch möglich war auf die kompletten 20 Jahre verlängert. Der Code ist schon eingegeben. Ich warte jetzt allerdings schon zwei werktage darauf, dass der Garantiezeitraum ""binnen 24 Stunden"" aktualisiert wird.', 'Kurzer Nachtrag: Statt 24 Stunden wurden es jetzt 4 Tage bzw. 2 Werktage aber der WR ist jetzt bis 2033 in der Garantieverlängerung.']"
Welche Versicherungen für grundlos gekündigte Anlage aus 2009 auf landwirtschaftlichem Betrieb ?,"['Hallo,', 'der Versicherer, Name beginnt mit W, möchte jetzt nach 13 Jahren ab Anfang Dezember kündigen, sowohl die Betreiberhaftpflicht auf gepachtetem Dach als als auch die Anlagenversicherung. Aus unserer Sicht grundlos, denn wir haben bisher in fast 13 Jahren nie einen Schaden gemeldet, immer schön die Beiträge überwiesen. Meine Anfrage für einen Neuabschluss bei dem hier gut bekannten Makler Rosanovski ergab dass die maximal PV-Anlagen bis zu einem Alter von 8 Jahren versichern wollen. Ganz Toll ! Und was sollen jetzt die Leute mit älteren PV-Anlagen machen die einfach eine Kündigung erhalten ?', 'Ich bin dankbar für brauchbare Empfehlungen von geneigten Versicherern hier. Die Anlage hat 32 kWp.', '', 'Viele Grüße:', '', 'bm3']"
Versicherung (Haftpflicht und Wohngebäude) bei Eigenbau,"['Hallo DIY/PV-Betreiber in Eigenbau,', '', 'wer kann mir Versicherungen nennen (Wohngebäude und private Haftplicht) die den Versicherungsumfang bei Eigenbau der PV Anlage explizit mit anbieten?', '(nicht abfragen genügt mir nicht)', 'Es gibt ""PV Versicherungen"" wo man das Häkchen ""Eigenbau"" setzen kann, mir geht es aber um die Wohngebäude- und private Haftpflicht.', '', 'Welche Versicherung bietet diese Option an? (EFH, 9,75kWp)', 'Danke!', 'update:', 'Ein Punkt ist schon einmal gelöst:', '', '""...', 'vielen Dank für Ihre Nachricht.', '', 'Wir haben vermerkt, dass Sie die Photovoltaikanlage auf Ihrem Haus selbst geplant und installiert haben. Gern bestätigen wir Ihnen, dass dies keine Auswirkungen auf den Versicherungsschutz hat. Es besteht voller Versicherungsschutz für Schäden, für die Sie als Betreiber und Eigentümer der Anlage gesetzlich haftpflichtig gemacht werden können.', '', 'Mit freundlichen Grüßen ...""', '', '', 'Die aktuelle Wohngebäude muss ich leider wechseln, hier zeigte man sich wenig bemüht - es gibt bei den nur den Auswahlknopf ""von Fachfirma"" installiert.', 'Aber auch hier kommen schon die ersten Angebote rein.', 'Du brauchst für Fremdschäden, die deine PV-Anlage verursacht, eine Betreiberhaftpflicht.', 'Wenn zum Beispiel bei Sturm ein Modul absegelt und ein fremdes Auto beschädigt.(Sach- und Personenschäden)', 'Eigenmontage ist bei einigen Versicherern möglich. Meist mit Auflagen im ""kleingedruckten"".', 'z.B.', '.. Die Installation hat nach den anerkannten Regel der Technik zu erfolgen und muss durch einen Fachbetrieb abgenommen werden..........', '', 'mfg', 'Hast du bei deiner privat Haftpflicht nachgefragt ob die für Fremdschäden bei deiner PV haften?', 'Einige ""Kinken"" auf die geachtet werden sollte sind nach bei meiner Recherche:', '', 'Technologiefortschritt', 'Erdbeben ( wenn in Gebiet wohnhaft)', 'Schneedruck ( Verwehungen kann es fast immer geben)', 'Sturm ( meistens wird nur bei bestimmter Windstärke geleistet)', '', 'nicht nur Feuer sondern auch Schwelbrand, Glimmen etc ( Hierbei begrenzen manche Versicherer bei 25.000, das kann mal schnell erreicht sein)', '', 'Bedienungsfehler', '', 'Allmählichkeitsschäden', 'sofortiger Reparaturbeginn möglich', '', '', '', 'möglich aber vielleicht nicht zwingend', '', 'GAP Deckung wenn Anlage finanziert wurde', 'Minderertragsversicherung', '', '', 'Manche Private Haftpflichtverträge decken dies zwar ab , aber begrenzen dann die kWp Grösse', 'Guten Morgen, alles gute Punkte.', 'Es ging in der Initialfrage aber tatsächlich ""nur"" um die notwendigen Versicherungen', '1. private Haftplicht', '2. Wohngebäudeversicherung', 'und deren Deckung im Schadensfalls bei EIGENBAU.', '', 'Hier ist der aktuelle Status:', '1. die private Haftplicht hat mir sofort schriftlich bestätigt, dass Schäden an Dritten, verursacht durch meine PV Anlage, abgesichert sind', '2. die Wohngebäude-V die ich bis dato hatte, wollte dies nicht akzeptieren. Aber ich habe jetzt einige neue Angebote die mir schriftlich bestätigen, dass das Wohngebäude Schutz/Absicherung genießt - auch mit der selbst aufgebauten PV Anlage.', '', 'Diese Punkte sollte jeder mal in seinen Verträgen prüfen, der seine Anlage selber aufgebaut hat, denn in vielen Vetragsbedingungen stehen solche oder ähnliche Klauseln:', 'A. ...Aufbau/Installation durch einen Fachbetrieb...', 'B. .... durch das jeweilige Gewerk Qualifizierten Fachbetrieb...', 'C. .... vom Hersteller empfohlenen Intervall vom Fachbetrieb prüfen lassen...', '', 'Alles nicht unwichtig wenn beim Sturm ein Modul in Nachbars neuen VW Bus fliegt oder gar das Haus brennt, verursacht durch die selbst aufgebaute PV Anlage.', 'Nur als Ergänzung, diese Variante gibt es auch:', 'Gemäß §4711 Abs. 3 der Vertragsinformationen gilt eine Photovoltaikanlage mitversichert, sofern Sie auf dem Hausdach befestigt und in den Baukörper integriert ist.', 'Wer die Photovoltaikanlage aufgebaut hat, ist hierbei nicht ausschlaggebend.', 'Hallo TomJerry,', '', 'von welchen Versicherungsunternehmen hast du Angebote erhalten die Eigenbau PV Anlagen in der Wohngebäudeversicherung versichern?', 'Bin aktuell bei der HUK24, da ist dies ausgeschlossen..', '', 'Vielen Dank', 'Ich denke das ganze steht und fällt mit welchen Argumenten (Qualifikationen) man an die Versicherungsgesellschaft herantritt. Sicherlich hat man zum Beispiel als Herzchirurg schlechtere Chancen als ein Elektriker oder/und Ingenieur die Versicherung von einem Selbstbau der PV zu überzeugen?', '', 'Nimm die top 10 aus der Stiftung Warentest zu den Wohngebäudeversicherungen, hierbei hatte mir niemand meinen Wunsch/Klausel abgelehnt. Lediglich ""meine"" DEVK wollte mir mein Haus nicht weiter versichern.', '', 'Schaue dir die Versicherungsbedingungen trotzdem gut an. Das steht nicht nur ""Installation vom Fachunternehmen"", sondern auch schon einmal eine Klausel wie ""Wartung alle drei Jahre vom Fachunternehmen).', 'Ich hoffe das hilft?', 'Hallo TomJerry,', '', 'danke dir, ich mach mich mal ran und lese mir die Versicherungsbedingen durch..']"
Ratlos: Wie kann ich Wohngebäude und PV-Ausfall versichern,"['Ich bin einigermaßen ratlos:', '', 'In meinem Altvertrag zur Wohngebäudeversicherung lässt sich die PV-Anlage nicht ""nachmelden"" .', '', 'Bei Neuabschluss ist die PV-Anlage auf 25.000 € beschränkt.', 'Ob das bedeutet, dass ich bei > 25.000 €', '- keinen Vertrag bekomme oder', '- nur bis 25.000 € max entschädigt wird oder', '- nur im Verhältnis zum tatsächlichen Anschaffungspreis', 'muss ich noch klären, aber keine der 3 Varianten gefällt mir.', '', 'Deshalb hab ich mir gedacht, ich such eine Versicherung, die PV mitversichert.', 'Da ist dann aber kein Ertragsausfall abgesichert, wenn z.B. ein Marder zuschlägt und ich 6 Monate keinen Handwerker finde.', '', 'Eine separate PV-Versicherung zahlt nur die 7 Cent Einspeisungs-Verlust, nicht meine Mehrkosten von 35 Cent, wenn ich Strom aus dem Netz beziehen muss.', '', 'Hab ich da nur die falschen Versicherungen erwischt?', '', 'Darf man hier im Forum die Namen der Versicherungen nennen?', '', 'Hat jemand eine Wohngebäudeversicherung mit PV und Wärmepumpe und', 'in dieser Wohngebäudeversicherung oder mit einer separaten PV-Versicherung das Ausfallrisiko ""Netzbezug"" während Reparaturdauer abgesichert?', 'Ertragsausfall abgesichert, wenn z.B. ein Marder zuschlägt und ich 6 Monate keinen Handwerker finde', 'Äußerst selten. Versicherung über 20 Jahre kommt teurer als der Ausfall.', '', 'Ich hab Versicherung gekündigt.', 'Hattest Du nur den Einspeisungsertrag versichert oder auch den Netzbezug?', 'Unsere Versicherung war nun mit Anlagenklauf von Juni 2021 bis Ende 2022 inkl.:', 'Photovoltaik – Beratung, Planung u. Montage von Photovoltaik Anlagen (PV) und Stromspeicher. Einspeisevergütung, Förderungen & Wirtschaftlichkeit.\nwww.enerix.de', '', 'bzw. https://lumit.net/solaranlagenversicherung.html', '', 'Verlängert sich nicht automatisch, aber Enerix schreibt wohl jeden Anlagen Neubesitzer im Sept./Oktober Zeitraum an, ob und zu welchen Konditionen die Versicherung verlängert werden kann/soll. Für den Vollschutz, noch zu klären ob dann auch die Betreiberhaftpflicht inkl. ist, sollen wir wohl rund knapp über €100,-/Jahr zahlen. Weil Anlage über Enerix gekauft, wohl entsprechende Sonderkonditionen…', '', 'Sprich, wird nun auch gleich nochmal Thema für uns und ich werde dann genau vergleichen - sind ansonsten mit dem meisten Zeugs bei der Itzehoer und hatten da natürlich auch in 2021 zumindest bei der Gebäudeversicherung unsere PV nachgemeldet.', '', 'Lange Rede kurzer Sinn, ich halte zumindest eine Betreiberhaftpflichtversicherung für sinnvoll. Ich denke die Alleine sollte für ein paar Euros/Jahr, definitiv unter €100,- zu bekommen sein. Vollkasko, Ausfall, etc. für uns eher zweitrangig. Auf der anderen Seite, ginge heute einer unser Fronius WR, etc. kaputt, wäre auf Monate mit keinem Ersatz zu rechnen weil keiner liefern kann… sollte/muss jeder selber beurteilen/abwägen.', 'auch Enerix sagt:', 'Es scheint, dass PV-Versicherungen für Stromproduzenten entwickelt wurden, die Gewinne durch Einspeisung erzielen wollen.', 'Diese können den Gewinn-Ausfall versichern.', '', 'Die Versicherungen haben völlig verschlafen, dass Hausbesitzer den eigenproduzierten Strom nutzen wollen und dazu hohe Kosten für Speicher in Kauf nehmen um möglichst wenig einspeisen zu müssen.', 'Nur die Einspeise-Verluste sind versicherbar.', '', 'Ich suche eine Versicherung, die das nicht verschlafen hat und mir den teuren Zukauf übers Netz erstattet!', 'Ich suche eine Versicherung, die das nicht verschlafen hat und mir den teuren Zukauf übers Netz erstattet!', 'Gibt es offensichtlich - sofern Du den Nutzungsausfall nicht nachweisen kannst, €2,5/kWp und Tag:', '', 'https://rechner.krist.com/files/pdf/pv/Handout-SunSafeTop-BHP.pdf', '', 'Photovoltaikversicherung – die sichere Wahl für Ihre Anlage', 'Leider auch nicht:', '', 'NUTZUNGSAUSFALL', 'Ebenfalls mitversichert ist der Nutzungsausfall infolge eines versicherten Sachschadens. Der Nutzungsausfall wird in voller Höhe ersetzt.\nKann der Nutzungsausfall nicht nachgewiesen werden, beträgt die Tagesentschädigung je kWp Anlagenleistung 2,50 EUR.\nBei Teil- und Totalschäden wird die Entschädigung anhand der schadenbedingt nicht zur Verfügung stehenden Anlagenleistung ermittelt. Die Entschädigungsleistung ist insgesamt begrenzt auf die, mit der vom Schaden betroffenen Anlage bzw. Teilanlage im Ausfallzeitraum maximal erzielbaren Vergütung aus der Stromeinspeisung.', 'Wenn ich also eine Null-Einspeisungs-Strategie habe (und das auch erreiche) bekomme ich maximal 0 € ersetzt.', '', 'Das ist also auch eine PV-Versicherung für Leute, die das Ziel haben möglichst viel einzuspeisen.', 'Die gab es früher ja sicher viele.', '', 'Wer heute aber eine neue PV baut, will doch eher möglichst wenig einspeisen und wenn er es doch nicht vermeiden kann,', 'bekommt er ja fast nichts mehr dafür.', '', 'Deshalb sage ich ja, die Versicherungen haben den Trend verschlafen.', 'Wenn ich also eine Null-Einspeisungs-Strategie habe (und das auch erreiche) bekomme ich maximal 0 € ersetzt.', 'Ich lese das (Nutzungsausfall) komplett anders heraus - aber anstatt hier Silbertablett Antworten zu verlangen, rufe doch selber da an und lasse es Dir erklären - und dann erkläre es uns.', 'Also, ich habe mich gerade auch mit Versicherungen beschäftigt. Es gibt eine Versicherung von der BAY WA Re und das hat sich ganz gut angehört.', 'Man zahlt einen Beitrag komplett für 10 Jahre.', 'Das scheint günstig, ich habe selbst aber noch nicht verstanden warum nur 10Jahre...', 'Photovoltaikversicherung exklusiv für Ihre Kunden\nSofortiger und umfänglicher Versicherungsschutz für alle Komponenten von Photovoltaikanlagen – ein Produkt der GGW.\nsolar-distribution.baywa-re.de', '', 'PV Insurance', 'Ja, von den Konditionen und vom Preis sind die sehr gut!', '', 'Mich irritiert die Vorauszahlung für 10 Jahre und dass sie nur max 1 Jahr alte PVs versichern.', 'D.h. dann nach 10 Jahren steht man ohne Versicherung da?', '', 'Ich hab mittlerweile herausgefunden dass die HUK Coburg Wohngebäudeversicherungen mit PV Zusatzpaket anbietet 88 € / Jahr, das auch den nicht möglichen Eigenverbrauch versichert.']"
Schadensursache,"['Hallo,', '', 'ich habe bei zwei gleich aufgebauten Strings auf einem Dach einen Spannungsunterschied über den gesamten Tagesverlauf erkannt. Der Unterschied betrifft eine Modulspannung.', 'Bei einer Sichtprüfung am Dach ist mir dann ein Modul aufgefallen, siehe Bild.', 'Was könnte die Schadensursache sein?', '', '', 'Viele Grüße', 'user4711', '', '', '', 'So locker vom Hocker schwer zu sagen. Hagel, Steine, Ziegel, Vandalismus, Hotspots...\nSieht zwar nur wie Vogelscheisse aus. Ist das Modul gesplittert, oder hat gar Löcher?', 'einstein0', 'Hallo,', '', 'nach Augenschein ist mit kein Glasbruch oder Löcher aufgefallen.', '', 'Ich kann auch nicht mit Sicherheit sagen, dass das Module die Ursache für die verminderte String-Spannung ist. Es könnte auch eines der anderen 11 im String sein. Eines der 12 ist aber auffällig, wie das Bild zeigt', '', 'Hab das der Versicherung gemeldet, die wollen eine Beurteilung von einer Fachfirma haben. Aber in der aktuellen Lage ist es schwer jemanden für einen solchen ""Großauftrag"" zu finden, der ursprüngliche Installateur hat das Geschäft aufgegeben. Ein bereits vereinbarter Termin mit einer anderen Firma wurde nicht wahrgenommen, weiterer Termin zur Klärung immer wieder am Telefon verschoben, wegen krankheitsbedingtem Ausfall eines Mitarbeiters. Ob es stimmt?', '', 'Das mit den Hotspot als Ursache, ist mir nicht unklar. Es gibt keinen Schattenwurf.', 'Werden Hotspots weiß, ohne Erfahrung hätte ich eine Verdunklung der betroffenen Fläche erwartet. - Heiß werden, verbrennen, schwärzen wären da meine Vorstellungen.', '', 'Weitere Hinweise zur möglichen Fehlerursache', 'Ratschläge zum weiteren Vorgehen bzgl. Versicherung aber auch Reparatur?', 'Ein SUNTECH 210 Modul ist derzeit nicht zu haben, wurde mit schlappen 500 Euro gehandelt, dann ist man nicht sicher was man bekommt, ggf. hab ich dann einen vollen String, aber mir fehlt weiterhin die Leistung von einem Modul oder mehr.', 'Welche Lösungsansätze gäbe es mit neuen Modulen?', '* Mir fällt hier nur ein, dass es früher Tigo Duo-Optimizer gab, die es erlauben unterschiedliche Module in einem String aufzunehmen.', '', 'Viele Grüße', 'user4711', 'Kommst du an die Modulkabel dran?', '', 'Wenn ja... dann einfach das betroffene Modul testweise aus dem String nehmen (einfach das ankommende mit dem abgehenden Kabel zusammenstecken) und schauen, was der String dann macht. Ändert sich nichts, dann war es das Modul, sinkt die Spannung um noch eine Modulspannung, dann war es ein anderes.', '', 'Achtung... auf den Strings ist eine hohe Gleichspannung. Wenn du dir nicht 100% sicher bist, was du tun darfst und was nicht, dann mach das lieber nachts (WR vom Strom trennen).', '', 'Welche Lösungsansätze gäbe es mit neuen Modulen?', 'Du kannst auch ein ""stärkeres"" Modul einbauen. Solange es einen höheren Nennstrom hat als die bestehenden, wird es den String nicht ausbremsen. Es wird aber auch nicht mehr Strom liefern können als die vorhandenen, also nicht auf seine volle Leistung kommen. Dürfte aber trotzdem günstiger sein als die Beschaffung eines identischen Moduls.', 'Ok, Vielen Dank für die Tipps, damit ist das Vorgehen für eine Reperatur klar und gleich zwei Herausforderungen gelöst.', 'Anmerkung: Wenn ich die Ziegel hochschiebe komme ich an die Module von unten ran und kann dann verifizieren ob das Module wirklich die Ursache ist, das kann ich auch selbst erledigen.', '', 'Gibt es noch Tipps wie ich das mit der Versicherung regeln kann, wenn ich keinen Installateur finde, der sich meinem Problem anmimmt?', '', 'Viele Grüße', 'user4711', 'Gibt es noch Tipps wie ich das mit der Versicherung regeln kann, wenn ich keinen Installateur finde, der sich meinem Problem anmimmt?', 'Ich würde die Versicherung anrufen und einfach fragen, wie das bei Eigenleistung aussieht. Eigentlich sollten die darüber froh sein, denn das kostet sie am Ende ja viel weniger Geld, als wenn da eine Firma kommt.', '', 'Bei einem Sturmschaden an einem Terrassendach haben wir das so gemacht - da war die Versicherung sehr kooperativ und hat nicht nur das Material bezahlt, sondern auch eine Stundenpauschale für die Eigenleistung. Als Schadensanalyse haben Fotos gereicht.', '', 'Du könntest ja - wenn du das Modul elektrisch vom Rest getrennt hast! - an den Anschlüssen des Moduls messen, was da kommt. Das wäre dann ja auch sehr eindeutig.', '', 'Aber: Nur machen, wenn du dir ganz sicher bist, was du machst. Wenn da noch Stringspannung drauf ist, ist das lebensgefährlich. Ein einzelnes, vom Rest wirklich getrenntes Modul hingegen ist harmlos von der Spannung her.', 'Ja, danke für das Feedback, es bleibt mir vermutlich nichts anderes übrig als diesen Weg zu gehen.', 'Der große Nachteil dabei ist, man muss es halt selbst tun. Kostet Lebenszeit', '', 'Wenn ich das defektverdächtige Module heraus genommen habe und die Spannung bleibt unverändert, ist das auch ein Beweis, wenn auch indirekt, dass das Modul defekt ist.', '', 'Vielen Dank für deine Unterstützung', 'user4711']"
Versicherung bei Mietobjekt,"['Hallo, ich benötige mal das Schwarmwissen.', '', 'Unsere PV ist seit ein paar Tagen in Betrieb. Eine Betreiberhaftpflicht habe ich bereits abgeschlossen . Nun möchte ich natürlich noch eine Versicherung die eventuelle Sturmschäden etc. abdeckt.', '', 'Wir wohnen in einem Haus meiner Schwiegermutter und haben einen ganz normalen Mietvertrag. Betreiber der Anlage bin ich (Schwiegersohn).', 'Mein Versicherungsmakler meint dass es richtig wäre die PV in die Wohngebäudeversicherung aufzunehmen.', 'Ich bin mir nicht sicher ob es wegen der Besitzverhältnisse im Schadensfall nicht zu Streitigkeiten kommen könnte.', 'Wie würdet ihr das lösen?', '', 'Ich hoffe der ein oder andere User hat ein paar nützliche Infos für mich.', 'Hallo, ich benötige mal das Schwarmwissen.', '', 'Wir wohnen in einem Haus meiner Schwiegermutter und haben einen ganz normalen Mietvertrag. Betreiber der Anlage bin ich (Schwiegersohn).', 'Mein Versicherungsmakler meint dass es richtig wäre die PV in die Wohngebäudeversicherung aufzunehmen.', 'Ich bin mir nicht sicher ob es wegen der Besitzverhältnisse im Schadensfall nicht zu Streitigkeiten kommen könnte.', 'Wie würdet ihr das lösen?', 'Hallo SAN84,', '', 'da das Gebäude deiner Schwiegermutter gehört und auch die Versicherung über sie läuft, solltest Du dein Eigentum (PV-Anlage) über eine eigenständige z. B. Photovoltaikversicherung (auf deinen Namen) versichern.', '', 'Gruß', 'rosa']"
Erfahrung mit VHV Versicherung TOP,"['Hallo,', 'Ich wollte hier einfach mal schreiben wie überaus positiv meine Erfahrungen mit meiner VHV Photovoltaik- Vesicherung ist.', 'Am 27.07.2019 wurden nach einem Blitzschlag in die oberirdische Telefonleitung die Fritzbox , der Solarlog , die Wechselrichter samt Schnittstelle ausgetauscht . Ebenso hatte ich aufgrund langer Wartezeit auf die neuen SMA-Wechselrichter Ausfallzeiten.', 'Gesamtschaden über 10.000 Euro.', 'Der Schaden wurde schnell und unbürokratisch von VHV beglichen.', 'Ich bin ansonsten kein Fan von Versicherungen weil die immer versuchen sich aus der Verantwortung zu ziehen, aber hier ist eine Versicherung die wirklich da ist wenn sie gebraucht wird.', '', 'Grüße an alle Sonnenfans...', 'Hallo', '', 'meine Erfahrung mit der VHV ist nicht so toll.', 'Nachdem ein Unwetter vorbeigezogen war, hatte der Wechselrichter wegen Überspannung aufgegeben.', '', 'Der Fall wurde gemeldet, der Wechselrichter musste eingeschickt werden zur Überprüfung bei eine Gutachter.', 'Festgestellt wurde dein elektronischer Schaden der Verschleißteile! Reparatur wäre nicht möglich.', 'Das Gerät wurde zurückgeschickt , Schadenbegleichung abgelehnt.', '', 'Fazit für mich: Versicherung wurde gekündigt, ein Schaden direkt nach einen Gewitter, ein Zweit-Gutachten o. klage lhnt nicht eine Versicherung aber auch nicht.', '', 'Die Gebäudeversicherung reicht hier aus , für evt Ertragsausfälle o. Elektronikschäden loht die VHV nicht.', '', 'Gruß Gimpel', 'Hallo Zusammen!', '', 'Als Versicherungsmakler bieten wir die VHV Photovoltaikversicherung im Rahmen eines Sonderkonzeptes an und können die positiven Erfahrung von maria-zen nur teilen. Die VHV ist im Rahmen von Schadenbearbeitungen sehr schnell und korrekt.', '', 'gimpel', 'Der Versicherer hat Zugriff auf eine Blitzdatenbank. In dieser ist ersichtlich, wann und wo ein Blitz eingeschlagen ist. Darauf basierend kann auch recht genau eine Schadenwahrscheinlichkeit in der Umgebung bestimmt werden. Ist der Versicherer der der Auffassung, dass der Schaden nicht durch das Gewitter (Blitzeinschlag in der weiteren Umgebung) zustandegekommen sein kann, beauftragt er einen Sachverständigen. Somit wird bei kundenorientierten Versicherungsunternehmen sichergestellt, dass der Kunde nicht benachteiligt wird. Diese Vorgehensweise kostet den Versicherer zwar Geld, stellt aber sicher, dass der Schadensfall gem. der Versicherungsbedingungen behandelt wird.', '', 'Gruß', 'rosa', 'Hallo,', '', 'wenn dieses Verfahren angewendet werden würde, hätte ja gar kein Gutachter eingeschaltet werden müssen, denn der Blitzeinschlag wurde ja dokumentiert.', 'siehe https://www.blitzortung.org/', '', 'Die Versicherung hatte ich übrigens über Sie abgeschlossen, das Sie die VHV positiv sehen ist sicher für jedermann nachvollziehbar.', '', 'Schöne Grüße', 'Gimpel', 'Über wen die Versicherung abgeschlossen wurde war mir nicht bekannt und ist auch nicht relevant.', 'Der Versicherer hat letztendlich ein Gutachten beauftragt, was nicht zu Ihren Erwartungen führte. Ihre Enttäuschung kann ich nachvollziehen, aber in der Sache ist jedoch alles korrekt gelaufen.', '', 'VG', 'rosa']"
Vorgehensweise und Erfahrung mit Willis bei evtl. Dachschaden?,"['Wir haben über eine Winaico Rahmenvereinbarung 2017 eine Willis ALL inklusive Versicherung abgeschlossen auf 10 Jahre.', '', 'Nun tritt vermutlich der Fall der Fälle ein.', '', 'Nach einem Sturm mit Hagel und sehr sehr starkem Regen, tropfte es bei uns aus der Decke.', 'Nun geh ich davon aus, dass durch die vielen Stürme in letzter Zeit ein Dachziegel undicht wurde bzw. gebrochen ist.', 'Leider damals wie noch üblich mit eingeflexten Dachziegeln, statt Aluziegeln mit Haken.', '', 'Und dann läuft das Wasser die Aufdachdämmung runter - in die ""Holzständerwand"" und kommt dann auf unserer Massivholzdecke durch im EG...', '', 'Ich lese die Versicherungsbedingungen so, dass Schäden an Gebäudeteilen (Dach, Dacheindeckung) im Bereich der PV enthalten ist.', '', 'Leider lese ich in den Bedingungen nirgends so recht, wie ich nun vorzugehen habe?', 'Meldung an Versicherer?', 'Dachdecker kommen lassen, der mir Fotos macht und das an den Versicherer weiterreichen?', 'Wahrscheinlich muss man dazu ein, zwei, drei Module abmontieren, damit man die richtigen Stellen sieht.?', '', 'Wie würdet Ihr da Vorgehen?', 'Hat keiner so etwas ähnliches schon mal durchgemacht und Erfahrungstipps?', 'Ruf doch mal bei der Versicherung an.', '', 'Nur die können Dir sagen, wie sie es wollen.', '', 'Das macht ggfs. jeder anders.', '', 'Anrufen, dann hast Du die Info in 5 Minuten.', '', '[Edit:]', '', 'nach 5 Minuten googlen gefunden, ohne Vertragsunterlagen:', '', '', 'Link zum pdf: KLICK', 'Ruf doch mal bei der Versicherung an.', '', 'Nur die können Dir sagen, wie sie es wollen.', '', 'Das macht ggfs. jeder anders.', '', 'Anrufen, dann hast Du die Info in 5 Minuten.', '', '[Edit:]', '', 'nach 5 Minuten googlen gefunden, ohne Vertragsunterlagen:', '', '', 'Link zum pdf: KLICK', '', 'Top. Vielen Dank...', '', 'da wäre ich nicht drauf gekommen per Google nach dem Ablauf zu suchen, der in den Versicherungsbedingungen und dem ganzen Papier kram nirgends aufgeführt ist, den ich damals erhalten habe...', 'Telefon - erreichbar... Naja - niemand.', '', 'Reaktion auf meine Mail, mit Fragebogen, oder Ticket Nummer wie heute durchaus üblich, oder ein anruf.... Leider auch nicht .', '', 'Jackpot. Läuft.....', 'Liest sich (leider) wie eine Versicherung der Gebrauchtwagenhändler', '', 'Vermutlich das Papier nicht wert, auf dem es geschrieben steht... Schade...', 'Liest sich (leider) wie eine Versicherung der Gebrauchtwagenhändler', '', 'Vermutlich das Papier nicht wert, auf dem es geschrieben steht... Schade...', 'Fürs erste kann ich Entwarnung geben...', '', 'Inzwischen nachdem ich nochmals nachgefragt habe, kam tatsächlich eine Reaktion.', 'Das übliche (Fragen über Fragen) - aber schon mal ne Vorgangsnummer', '', 'Aktuell bin ich schon dran überhaupt einen Solateur oder Dachdecker zu finden der das betroffene Dach anschaut.', '', 'Evtl. ist das sogar ein Thema der ""normalen"" Gebäudeversicherung hat der PV Versicherer indirekt angedeutet.', 'Bin gespannt wer sich da zuständig für hält....', '', 'Wenn ich es recht ""durch die Blume verstehe"". Dann fühlt sich die PV Versicherung zuständig, wenn das Wasser über den Ziegel mit dem PV Haken reinkommt. Wenn dagegen ein ""freier"" Ziegel neben dem PV Haken gebrochen ist, dann wäre das ein Sturmschaden = Gebäudeversicherung...', 'Ok, aber das ist ja verständlich.', 'Die „normalen“ Ziegel wurden ja theoretisch nicht angefasst.', '', 'Aber schön, dass Bewegung in die Sache kommt.']"
Versicherung für Balkonkraftwerke,"['Hallo,', '', 'gibt es eine Versicherung extra für Balkonkraftwerke?', 'Und oder sind die in einer Hausratversicherung oder Gebäudeversicherung meistens inklusive?', 'Meine Haushaltversicherung/Gebäudeversicherung hat es problemlos angenommen, ohne Mehrkosten (HDI in Österreich)', 'Einfach mal bei deiner Versicherung nachfragen und dann bei Inbetriebnahme informieren.']"
HUK24 erhöht Beitrag ohne Zustimmung,"['Hallo, ich habe eine Frage bezüglich der Versicherung.', '', 'Gemäß hiesiger Empfehlung habe ich meiner Wohngebäude-Versicherung (HUK24) mitgeteilt, dass ich eine PV-Anlage habe. Ich habe um ein Angebot bezüglich evtl. steigender Kosten gebeten aber gleichzeitig mitgeteilt, dass ich als Alternative eine spezielle PV-Versicherung prüfe. Die HUK schickt mir als Antwort eine Bestätigung, dass die PV-Anlage in der Wohngebäudeversicherung jetzt eingeschlossen ist und dass der Beitrag um etwa 60€ steigt.', '', 'Dem habe ich widersprochen. Ich hätte noch keinen Auftrag erteilt und prüfe noch die Spezialversicherung. Antwort der HUK:', '', '""Der Grundschutz (Feuer und Sturm) für die Photovoltaikanlage ist im Vertrag mitzuversichern. Durch die Photovoltaikanlage steigt das Brandrisiko.', 'Die Allgefahrendeckung können Sie anderweitig versichern.', 'Ihre Anlage kann bei uns nicht aus dem Versicherungsschutz entnommen werden.""', '', 'Ist das so in Ordnung? Ich dachte bei einer speziellen PV-Versicherung ist das (Grundschutz, Feuer, Sturm) ebenfalls beinhaltet?', '', 'Danke für Eure Antwort.', 'Du must die Vertragsbedingungen Deiner Wohngebäudeversicherung lesen. Man kann Verträge ja frei gestalten. Die PV-Anlage ist fest mit dem Gebäude verbunden und erhöht das Risiko auch für das Gebäude selbst. Die Sichtweise der HUK ist zumindest nachvollziehbar. Trotzdem können andere Gebäuderversicherungen das ggf. anders machen und den Beitrag für das Gebäude nicht erhöhen. Du zitierst ja: ""Ihre Anlage kann BEI UNS ....""', 'Das ist so leider richtig. Wir mussten die HUK24 damals informieren wegen des erhöhten Risikos (s. Versicherungsbedienungen). Glücklicherweise wurde bei uns nicht der Beitrag erhöht.', 'Die gängigen PV-Versicherungen sind sogenannte Elektronik- oder Technikversicherungen. Es ist also wichtig den Gebäudeversicherer, der weiterhin für Feuerschäden am Gebäude verantwortlich ist zu informieren.', '', 'Wir haben mittlerweile der HUK24 gekündigt und sind bei der GEV. Dort war für uns alles zusammen günstiger und mehr Leistung (elementar inkl.)', 'Ich bin bei der Allianz. Hab das denen dann auch mitgeteilt, da ist es dann kostenlos mitversichert.', 'Habe aber trotzdem noch separat bei INTER Group eine Versicherung, da die Allianz nicht alles abdeckt.', '', 'Ich zahle bei der INTER Group 86 € im Jahr, da ist auch der Speicher mitversichert. Versicherungssumme 16.000 € Netto.', 'Wir haben beispielsweise die R+V.', 'Dort kann man kostenfrei bis zu 10kWp aufnehmen lassen.', 'Nachdem wir jetzt fast 15kWp auf dem Dach haben, wurde der Beitrag angepasst.', 'In Kombination mit aktualisiertem Vertrag würde es bei uns sogar minimal günstiger.', '', 'Ontop bedarf es aber sicherlich einer spezialisierter OV Versicherung.', 'In der Gebäude ist die PV ja nur absolut rudimentär abgesichert.', 'Bei mir hat die HUK-Coburg bei der Wohngebäudeversicherung durch Anmeldung einr PV-Anlage (24.79 KWp) richtig zugeschlagen. 268 € darf ich zusätzlich zum alten Betrag der Wohngebäudeverzicherung berappen. Malzeit!', '', 'Kann man eigentlich bei der EÜR diesen Betrag als Ausgaben mit abrechnen?', 'Würde ich einfach mal ansetzen.\n\nMehr als ihn wieder rausstreichen, macht das FA ja nicht, wenns ihnen nicht passt.', 'Danke für den Zuspruch.', 'Werde ich bei der EÜR versuchen.', 'Bei mir hat die HUK-Coburg bei der Wohngebäudeversicherung durch Anmeldung einr PV-Anlage (24.79 KWp) richtig zugeschlagen. 268 € darf ich zusätzlich zum alten Betrag der Wohngebäudeverzicherung berappen. Malzeit!', 'Das haben wir jetzt schon häufiger mitbekommen. Die HUK nimmt wirklich sehr hohe Beitragszuschläge. Da lohnt es sich unter Umständen nach anderen Versicherern ausschau zu halten und Gebäude- und Photovoltaikversicherung zu trennen.', '', 'Gruß', 'rosa', 'Ganz wichtig ist wohl, die PV Anlage überhaupt dem Gebäudeversicherer zu melden.\n\nDie Huk wertet das wohl als ""Gefahrerhöhung""\n\nGefahrerhöhung muss man sehr ernst nehmen, denn damit ist im Schadensfall der Versicherungsschutz massiv gefährdet.\nDas ist sogar ein Schritt mehr noch, als grobe Fahrlässigkeit.']"
Versicherung,"['Hallo liebe Gemeinde', '', 'Ich bin absoluter Anfänger und muss unsere PV Anlage versichern. Diese wurde diesen Monat aktiviert, hat 18.8 Kwp - bei 25525€ Netto (Regelbesteuerung JA).', 'Weiterhin habe ich 2 Wallboxen im Gesamtwert 3000€ Brutto (inkl. Montage) - (abzgl. 2x900€ Förderung).', '', 'Ich bin hier hin und hergerissen, ob die SunSafeTop Versicherung ausreicht oder die VHV...der Kopf ist irgendwie voll', '', 'Wir haben alle Versicherungen über die HUK Coburg laufen. Bei der Gebäudeversicherung die Anlage reinzunehmen, wäre mit 250€ viel zu teuer...', '', 'Ich wäre da sehr dankbar, ob jemand ""privates"" einen guten Ratschlag geben könnte, bei wem ich gut aufgehoben bin', '', 'Vielen Dank + Gruß', 'joe', 'Moin,', '', 'was sollte denn daran nicht ausreichen?', 'Wofür, wogegen?', 'Hallo liebe Gemeinde', '', 'Ich bin absoluter Anfänger und muss unsere PV Anlage versichern. Diese wurde diesen Monat aktiviert, hat 18.8 Kwp - bei 25525€ Netto (Regelbesteuerung JA).', 'Weiterhin habe ich 2 Wallboxen im Gesamtwert 3000€ Brutto (inkl. Montage) - (abzgl. 2x900€ Förderung).', '', 'Ich bin hier hin und hergerissen, ob die SunSafeTop Versicherung ausreicht oder die VHV...der Kopf ist irgendwie voll', '', 'Wir haben alle Versicherungen über die HUK Coburg laufen. Bei der Gebäudeversicherung die Anlage reinzunehmen, wäre mit 250€ viel zu teuer...', '', 'Ich wäre da sehr dankbar, ob jemand ""privates"" einen guten Ratschlag geben könnte, bei wem ich gut aufgehoben bin', '', 'Vielen Dank + Gruß', 'joe', 'Hi Joe,', '', 'Ich suche auch nach einer Versicherung.', 'Bin in einer ähnlichen Leistungs- und Preisklasse. Wallboxen aber nur für 900€.', 'Hast du schon eine Entscheidung getroffen?', '', 'Die SunSafeTop wird hier im Forum ja oft genannt...', '', 'LG', 'Servus,', 'Ich klinke mich auch mal hier ein.', 'Ich suche zur Zeit auch eine Versicherung.', 'Ich bin auf die sunmaxx gestoßen.', 'Aber ich glaube im Vergleich könnte die Sunsafe Top auch was geeignetes sein.', 'Wie sind den so eure Erfahrungen mit den Versicherungen?Gibt es noch andere Anbieter?', 'LG Matthias', 'Hab Inter über rosa Photovoltaik genommen', 'Bestehende Gebäudeversicherung mit höchster Deckungsstufe ergänzt (Aufpreis ca. 30€ p.a.)', 'Servus,', 'Ich klinke mich auch mal hier ein.', 'Ich suche zur Zeit auch eine Versicherung.', 'Ich bin auf die sunmaxx gestoßen.', 'Aber ich glaube im Vergleich könnte die Sunsafe Top auch was geeignetes sein.', 'Wie sind den so eure Erfahrungen mit den Versicherungen?Gibt es noch andere Anbieter?', 'LG Matthias', 'Die hab ich auch im Visier. Im Prinzip kommt es mir auch nicht auf paar Euro an.', 'Möchte eine Versicherung, die im Falle eines Schadens, alles stressfrei abwickelt.', 'Tatsächlich habe ich noch keine Entscheidung getroffen, da ich gehofft habe, dass ein erfahrenes Mitglied hier einen guten Ratschlag geben kann, welches der Versicherungen am besten wäre bzw. genügend abdeckt....', 'Servus,', 'Ich klinke mich auch mal hier ein.', 'Ich suche zur Zeit auch eine Versicherung.', 'Ich bin auf die sunmaxx gestoßen.', 'Aber ich glaube im Vergleich könnte die Sunsafe Top auch was geeignetes sein.', 'Wie sind den so eure Erfahrungen mit den Versicherungen?Gibt es noch andere Anbieter?', 'LG Matthias', 'Die hab ich auch im Visier. Im Prinzip kommt es mir auch nicht auf paar Euro an.', 'Möchte eine Versicherung, die im Falle eines Schadens, alles stressfrei abwickelt.', 'Sehe ich ähnlich.', 'Ich suche ein komplett Paket. Würde mich ärgern-wenn ich sie mal brauche und es dann nicht klappt.', 'Nutzt ihr alle 3 Versicherungen?', 'Ertragsausfall und Haftpflicht auch?Oder nur die reine PV Versicherung? Die Debeka(meine Hauotversicherung) möchte auch ca. 100 Euro im Jahr bei deutlich schlechteren Leistungen und ohne Haftpflicht...']"
"Versicherung läuft über andere Person, wie regeln","['Moin,', 'Bei mir befindet sich die Solaranlage derzeit im Bau. Mit der WGV sind wir bei HUK, allerdings über meine Frau versichert. Die Solaranlage wird über mich laufen.', 'Ich würde die Kosten/Erhöhung von ca 30 EUR pro Jahr gerne bei der Steuer mit angeben.', 'Ist es ein Problem, dass es über meine Frau läuft? Ansonsten würde ich die kündigen und entsprechend eine neue/andere abschließen.', 'Ich bin kein Versicherungsprofi, aber ich würde erstmal überprüfen, ob die Versicherung deiner Frau, üerhaupt für deine PV Anlage aufkommt im Schadensfall. Da wäre mir das Finanzamt erstmal zweitrangig.']"
"Wohngebäudeversicherung ""kündigt"" wegen zu großer PVA","['Meine Wohngebäudeversicherung (HUK24) hat mir eben mitgeteilt, dass sie mich nicht mehr versichern möchte, da die PV-Anlage auf meinem Dach zu groß ist', '', 'Details: Leistung meiner PVA 22,9 kWp, Fläche PV 112 m², eigen bewohntes EFH. Ich habe, wie hier im Forum empfohlen, bei einem der üblichen Verdächtigen eine PV Versicherung abgeschlossen ... Soweit alles ok. Nun habe ich der Huk24 entsprechend des Hinweis des PV Versicherers die Anlage angezeigt, mit dem Hinweis, dass das Risiko bei einem anderen Versicherer versichert ist. Heute schreibt mir die Huk24 folgendes:', '', '""... Unsere Bedingungen [Anm. max 10 kWp und max 100 m² PV Fläche] sehen allerdings\nnicht\nvor, die PV-Anlage vom Versicherungsschutz auszuklammern. Auch in dem geschilderten Fall ist eine Fortführung des Vertrags bei uns nicht möglich, weshalb wir Sie bitten, sich dies betreffend an unsere Muttergesellschaft die HUK-COBURG zu wenden. ...""', '', 'Auch nach mehrmaligem Nachfragen: es wird entweder das gesamte Haus mit PV (in den o.g. Maximalgrenzen) oder gar nichts versichert. Ein extra Versicherer wird nicht akzeptiert. Da die Fläche der PV zu groß ist, wäre aktuell gar nichts versichert', '', 'Ich kann jeden nur empfehlen bei der HUK24 / HUK Coburg genau den Vertrag zu prüfen und die PV Anlage unbedingt anzuzeigen!', '', 'Habt ihr ähnliche Erfahrungen gemacht? Könnt ihr mir eine andere Versicherung empfehlen, die sich nicht so albern verhält? Alle wollen Energiewende, aber das Haus lässt sich dann nur noch umständlich versichern', 'Habt ihr ähnliche Erfahrungen gemacht? Könnt ihr mir eine andere Versicherung empfehlen, die sich nicht so albern verhält? Alle wollen Energiewende, aber das Haus lässt sich dann nur noch umständlich versichern', 'Ich habe gerade meine Versicherungsbedingungen (Stand 1.10.2011) bei der HUK24 geprüft. Darin ist eine PV Anlage explizit ausgenommen es sei denn sie wird explizit mit in den Versicherungsschutz integriert. Von einer Größenbeschränkung kann ich darin nichts finden.', 'Ich habe gerade meine Versicherungsbedingungen (Stand 1.10.2011) bei der HUK24 geprüft. Darin ist eine PV Anlage explizit ausgenommen es sei denn sie wird explizit mit in den Versicherungsschutz integriert. Von einer Größenbeschränkung kann ich darin nichts finden.', 'Meinem Vertrag liegen auch die VGB2011 zu grunde, daher habe ich nochmal explizit bei der HUK24 nachgefragt. Hier die Antwort:', '', '""...', 'Bitte beachten Sie, dass der Verweis auf die Versicherungsbedingungen nicht korrekt war. Bei der Grenze von 10 kWp bzw. 100m² Modulfläche handelt es sich um eine interne Regelung. Aus diesem Grund wird dies nicht in den Versicherungsbedingungen ausgewiesen. Da in der Wohngebäudeversicherung keine Versicherungspflicht besteht, wurde in den einzelnen Tarifständen nach einer jeweiligen Prüfung entschieden, bis zu welcher Grenze die versicherte Sache mitversicherbar ist. Bei der Photovoltaikanlage haben wir diese Entscheidung mit maximal 10 kWp bzw. mit 100m² Modulfläche getroffen.', '', 'Eine Weiterversicherung ohne die Photovoltaikanlage ist nicht möglich, da diese generell zum Wohngebäude gehört (Ausstattung des Wohngebäudes). Da Sie eine Photovoltaikanlage verbaut haben, erhöht das Grundrisiko des Vertrages und diese ist entsprechend bei der Beitragsberechnung zu berücksichtigen. Da diese laut unseren Bestimmungen im vorhandenen Maß nicht berücksichtigt werden kann, kann der Vertrag bei uns leider nicht fortgeführt werden. Gerne unterbereitet Ihnen unsere Muttergesellschaft, die HUK-COBURG bei Anfrage ein Angebot, da diese die Möglichkeit der Mitversicherung anbietet. ...""', '', 'Ich habe zwischenzeitlich auch mit einem Makler der HUK-Coburg geredet, er hat mir im Prinzip das gleiche bestätigt. Die Huk24 ist eine Onlineversicherung, die nur ein ganz bestimmtes Leistungsspektrum anbietet. Mit dem Bau einer PV-Anlage ändert man einseitig den Versicherungsvertrag ab (wegen Werterhöhung der Immobile, höheres Risiko, usw). Der Versicherer muss in diesem Fall den Vertrag nicht weiterführen und sie muss die Änderungen auch nicht aktzeptieren (das ist normales BGB-Vertragsrecht)', '', 'Die Grenzen 10 kWp bzw 100 m² werden im Übrigen bei neuen Verträgen abgefragt (vermutlich damals schon) und dass man entsprechendes nicht angegeben hat, wird im Vertragsordner vermerkt. Beim Abschluss des Versicherungsvertrags wird man aufgefordert, zu bestätigen, dass alles richtig ist und darauf hingewiesen alle Änderungen zu melden!', '', 'Ich kann jedem bei der HUK24 nur empfehlen dort eure Anlage anzumelden. Wenn ihr es nicht tut, dann habt ihr im Schadensfall am Gebäude möglicherweise keinen Versicherungsschutz, da die HUK24 sich herauswindet. In den Versicherungsbedingungen ist das sehr verklausuliert unter dem Abschnitt ""Gefahrenerhöhung"" aufgeführt.', '', 'pflanze das wäre noch etwas für deine FAQ, da das dort gar nich so raus kommt', '', 'Es kann nicht alles in FAQ abgedeckt werden - zumal dann in zwei Jahren die gesamten FAQ wegen einer Kleinigkeit wie Launen eines Versicherers angezweifelt würden. Ich verlinkte aber den Thread gern.', '', 'Dieses ewige Bremsen von allen Seiten wird unerträglich. Leute, wir steuern in den Abgrund und Unternehmen halten daran fest. ""Jenseits von Eden"".', 'Mir ist schon klar, dass nicht alles in die FAQ kann, Verlinkung ist völlig ausreichend. In der FAQ stand eben nur, dass man es der Gebäudeversicherung mitteilen soll ... Hier ist das konkrete Beispiel, was passiert, wenn man diese vermeintliche Formalie unterlässt.', '', 'Ich möchte nicht wissen, wie viele Foristen noch davon betroffen sind. Vorallem wenn hier immer sinnVOLLE Belegungen empfohlen wird. Was ich letztendlich auch nur auf euer Anraten getan habe (sonst wäre ich nie auf die Belegung des Norddachs gekommen)', 'Vielen Dank für den Hinweis hier! Wir werden ebenfalls entsprechend alle Versicherungen Haus betreffend von der HUK24 wegnehmen.', 'Das Verhalten ist wirklich nicht besonders nett der HUK24.', 'Ich habe mich nochmals länger mit dem Makler unterhalten, daraus ergeben sich folgende Erkenntnisse, die ich hier festhalten möchte:', '', 'Die Aussage ""...Auch in dem geschilderten Fall ist eine Fortführung des Vertrags bei uns nicht möglich ..."" ist keine Kündigung. Man muss hier aber sofort aktiv werden, da ansonsten kurzfristig bei Nichtreaktion die Kündigung durch den Versicherer ausgesprochen wird. Sollte dies der Fall sein, dann hat man absolut schlechte Karten, wenn man eine neue Versicherung aufnehmen möchte, da die Vorversicherung gekündigt hat. Am besten ist es immer selbst zu kündigen und einen neuen Versicherer zu wählen.', 'Er meinte, dass das Haus dennoch in diesem Zwischenstand versichert sei. ABER: Wenn ein Schaden durch die PV Anlage verursacht wird, dann wird es schwierig (dafür hat man dann aber die PV Versicherung). Anders sieht es hingegen aus, wenn zb der Keller überflutet wird (und das versichert ist), dann würde das problemlos reguliert', 'Ich kann jedem bei der HUK24 nur empfehlen dort eure Anlage anzumelden....', '', 'Diese Empfehlung ist eine Pflicht und gilt für jede Wohngebäudeversicherung bei Änderung am Gebäude (Versicherungsobjekt)!', '', ""Hier gab's auch ein Huk24 bashing, was ich so nicht bestätigen kann."", '', 'Wie auch immer, hier scheint ja die >10kWp Grenze ein Thema zu sein - schaut mal bei den Top gelisteten Wohngebäude-Versicherungen aus der Stiftung Warentest.', '...dafür hat man dann aber die PV Versicherung....', 'Welche PV Versicherung versichert denn das Gebäude? Wirklich?', 'Die PV-Versicherung versichert die PV-Anlage (Sturmschäden, Diebstahl, Einspeisevergütungs-Ausfall....)!', '', 'Meiner Meinung nach ist die richtige Reihenfolge:', '1. Seine private Haftpflichtversicherung über die neue PV-Anlage informieren (deckt Schäden Dritter, verursacht durch die eigene PV-Anlage --> Sturm, Module fliegt davon und in Nachbars neuen Golf, oder noch Schlimmer, Personenschaden).', '2. Wer keine 800k€ auf dem Girokonto hat --> Wohngebäudeversicherung über die PV-Anlage informieren (deckt Schäden am versicherten Gebäude verursacht durch die PV-Anlage --> Kurzschluss, Wohnhaus brennt ab)', '3. Wer es für nötig hält, eine PV-Anlagen-Versicherung --> Module werden geklaut, Sturmschäden an der Anlage, o.g. Einspeisevergütung etc.)', 'Welche PV Versicherung versichert denn das Gebäude? Wirklich?', 'Sie versichert natürlich nicht das gesamte Gebäude. Bei der PV Versicherung der VHV sind zuzüglich zu den Deckungssummen noch 30k€ allgemeine Schäden am Gebäude enthalten. Davon bekommt man schon große Schäden am Dach repariert. (Außerdem bezog sich meine obige Aussage auf meinen derzeitigen halb unversicherten Zwischenstand, der in den nächsten Wochen aufgelöst wird)', '', '', 'Nochmal etwas anderes: ich möchte hier kein Huk24 Bashing betreiben! Im Gegenteil, ich hatte bis jetzt mit denen nur gute Erfahrungen gemacht .. Gebäudeschäden wurden schnell reguliert. Solange man mit der PV Anlage in deren Grenzen bleibt, dann ist das ja alles kein Problem, außerdem kann man noch ein PV Paket hinzubuchen (für Ertragsausfall usw..)', 'Das blöde ist eben nur deren Unflexibilität interne Regelungen an die veränderten Realitäten des EE-Ausbaus anzupassen.']"
Muss eine PV unbedingt in die Wohngebäudeversicherung aufgenommen werden?,"['Vielleicht kann mir jemand hier mit seinen Erfahrungen weiterhelfen.', 'Ich finde zu dieser Frage nämlich nichts Vernünftiges. Mein Ziel war ursprünglich die Photovoltaikanlage gar nicht zu versichern. Dazu kann man stehen wie man will, aber ich wollte das ursprünglich so.', '', 'Meine Wohngebäudeversicherungen (ich habe zwei für zwei Gebäude) haben mir aber beide gesagt, das das so nicht ginge.', 'Ich müsste die Photovoltaik bei der Wohngebäudeversicherung angeben und mitversichern lassen. Was natürlich automatisch zu einem höheren Beitrag führt.', 'Meine Frage an euch: Ist das tatsächlich so? Muss man eine PV-Anlage immer in die Wohngebäudeversicherung mit aufnehmen lassen und deshalb einen höheren Beitrag zahlen oder hängt das nur von der entsprechenden Gesellschaft ab?', '', 'Bei mir ist das besonders ärgerlich, weil ich eine Anlage knapp über 10kWp habe. Bis 10kWp hat fast jede Wohngebäudeversicherung das mit drin, alles darüber kostet Aufpreis. Tja, ich habe 11,05 kWp.', '', 'Ich danke euch vorab für eure Ratschläge und Hilfe!', 'Bei mir hat das zu keinem höheren Beitrag geführt. Es führt also nicht ""natürlich automatisch"" dazu, sondern hängt von der jeweiligen Versicherung ab. Bin selbst mit der Gebäudeversicherung bei HUK24.', 'Vielen Dank, Energiesparer51. Ich selbst bin bei der Huk. Dort hat es zu der oben beschriebenen Erhöhung geführt. Das lag aber nur an dem besagten Aufpreis für Anlage größer 10kWp.', 'Bei meiner PV (unter 10kWp) war die Aufnahme in die Gebäudeversicherung nicht für lau.', 'Naja fast für lau: 30EUR/Jahr mehr kann man verschmerzen.', 'k.A. ob die bayerische Versicherung auch diese 10 kwp Grenze hat.\nZumindest erhöht sich kein Beitrag, wenn man eine Bestands-Altversicherung\nnoch hat, so der Agent im Bunker.\nBei der 10 kWp Grenze könnte evtl. auch ein Gewerbe oder Privat-Charakter eine\nRolle spielen.\nDie Huk ist keine besondere Versicherung. Ob die im Schadenfall dann auch noch\nbezahlen? fraglich...\n( Allianz, Generali, Bayerische Versicherungskammer )\n\nps. wenn Platz im Garten + kaum Verschattung, dann im Garten Fundamente betonieren,\naufständern und den Wandler in die Hundehütte verbauen.\nBrennt im Garten die ganze Anlage ab...ist es dann eh Wurschdd', 'Ich habe meine PV nicht in der Wohngebäudeversicherung mit drin, sondern extra. Die „normale“ Wohngebäudeversicherung hat auch nicht interessiert, ob die Anlage woanders versichert ist, oder nicht...', '', 'Stefan', 'Ich sehe das wird sehr unterschiedlich von den Versicherern gehandhabt. Irgendwie beruhigend.', 'Vielen Dank an euch.', 'Ich sehe das wird sehr unterschiedlich von den Versicherern gehandhabt. Irgendwie beruhigend.', 'Vielen Dank an euch.', 'da muss man sich aber was schriftlich geben lassen, weil die Zeiten von einer Flasche Schnapps und\nHandschlag sind vorbei.\nDem Brandversicherer ist auchegal, ob die Zufahrt im Winter geräumt ist oder nicht, wenn\nman zu der Zeit gerade in BangCock in der Pilsbar seine Zeit verbringt ( weil im Winter in eu\nkalt )\nOb die Feuerwehr dann noch durch kommt oder nicht, ist dem Versicherer egal..nur schriftlich\nwill er nichts heraus rücken...\nweil im Schadenfall, dann weniger Schekel Schekel aus bezahlt werden muss ( MIt-Haftung )\nso ist', 'Bei mir hat das zu keinem höheren Beitrag geführt. Es führt also nicht ""natürlich automatisch"" dazu, sondern hängt von der jeweiligen Versicherung ab. Bin selbst mit der Gebäudeversicherung bei HUK24.', 'Bin bei der Huk (nicht HUK24) und da hat es zu einem höherem Beitrag geführt.', '', 'Eine ""Vorschrift"", dass du die Anlage versichern musst, gibt es ja genauso wenig, wie die Vorschrift eine Wohngebäudeversicherung (es sei denn, die kreditgebende Bank verlangt es) oder Hausratversicherung nehmen zu müssen. Von daher, ist es deine Entscheidung, ob du die PV versicherst oder nicht (es sei denn, du hast dafür einen Kredit aufgenommen und die Bank verlangt eine Versicherung der Anlage). Ist halt dein Risiko dann...', 'Eine ""Vorschrift"", dass du die Anlage versichern musst, gibt es ja genauso wenig, wie die Vorschrift eine Wohngebäudeversicherung (es sei denn, die kreditgebende Bank verlangt es) oder Hausratversicherung nehmen zu müssen. Von daher, ist es deine Entscheidung, ob du die PV versicherst oder nicht (es sei denn, du hast dafür einen Kredit aufgenommen und die Bank verlangt eine Versicherung der Anlage). Ist halt dein Risiko dann...', 'Im Prinzip hast du Recht.', 'Nur genau das war ja die Frage. Die Huk meinte, ich dürfte die Wohngebäudeversicherung gar nicht so weiterlaufen lassen ohne die Photovoltaik mit aufnehmen zu lassen. Ich wäre also verpflichtet, sie zu melden und mitversichern zu lassen, ansonsten würde die Wohngebäudeversicherung halt auslaufen.', '', 'Die PV-Anlage müsste ich von Seiten der Bank übrigens nicht versichern, auch wenn sie sie voll finanziert hat. Das Wohngebäude allerdings sehr wohl. (Das hätte ich aber auch, dass es die Bank verlangt, getan.)', '', 'Daher auch meine Frage eingangs, ob andere auf andere Erfahrungen zurückgreifen können. Wenn es nämlich Versicherer gibt, die nicht erwarten, dass man die PV zwangsweise mit einschließt in die Wohngebäudeversicherung, dann wäre mir das deutlich lieber.', '', 'Ich bin jemand, der möglichst wenig versichert und dann auch nur das Allernötigste. Ein Gebäude zu versichern, ergibt für mich Sinn, eine PV in meinen Augen nicht. Ich sehe den zu erwartenden Schaden im Verhältnis zum Risiko für zu gering an, als dass sich das lohnt. Ich schließe auch keine Vollkasko für Autos ab. Das ist eine Schaden-Risiko-Abwägung, die für mich meist gegen eine Versicherung spricht. Das sind aber natürlich persönliche Entscheidungen und Ansichten, die jeder für sich finden muss.']"
Rahmenvertrag Betreiberhaftpflichtversicherung,"['Liebe Experten,', 'gibt es einen Versicherer, der einen Rahmenvertrag anbietet, der die Betreiberhaftpflicht für mehrere PV-Anlagen abdeckt?', 'Bislang mußte ich pro Anlage jeweils eine separate Betreiberhaftpflichtversicherung abschießen.', 'Würde mich auch interessieren. D.h. für mehrere Standorte/ Anlagen.']"
Wartungsarbeiten für den Versicherungsschutz,"['Hallo.', '', 'Mich würde interessieren, wie oft ihr eure Anlage warten lasst, damit ein möglicher Versicherungsschutz nicht wegfällt.', '', 'Die HUK Coburg hat einen entsprechenden Passus in ihren Bedingungen. Bei mir könnte ich so die Anlage in die Wohngebäudeversicherung für 25 Euro mitversichern.', '', 'Bei mir kommen die Trina Module auf das Dach, die laut der Herstellerempfehlung jährlich gewartet werden müssen.', '', 'Jährliche Wartung durch ein Fachunternehmen ? Da kommen bestimmt 100 bis 150 Euro zusammen.', '', 'Wie macht ihr das ?', '', 'Vielen Dank', 'Buy', 'Wie oft empfiehlt der Hersteller denn eine Wartung?', 'Das kommt raus wenn ahnungslose Versicherungsfuzzis ihre Bedingungen schreiben. Pv funktioniert oder funktioniert eben nicht, dann ist meist der WR kaputt. Es gibt keine sinnvolle regelmäßige Wartung außer vielleicht selbst mal putzen. Das geht ganz ohne Fachkunde...', '', 'Sunsafe100 nehmen und besser nicht die OV in die Wohngebäudeversicherung packen. Die will nur dein Geld und später nix zahlen.', 'Das steht doch ein schöner Passus:""Das muss in dem vom Hersteller empfohlenen Intervallen geschehen"". Was sagt denn der Hersteller?', 'Die Wohngebäudeversicherung hat 23,44 € Aufschlag verlangt um die PV mitzuversichern. Bedingungen gibt es keine und gewartet wird die Anlage auch nicht. WIE AUCH?? Bei ca. 45° Dachneigung erledigt die Reinigung der Regen....', '', '', 'Und nach Wechsel des Versicherers ist die PV mitversichert ohne wenn und aber...', 'Mein meinen Modulen Trina Vertex Solar wäre es jährlich.', 'https://static.trinasolar.com/sites/default/files/DE_02_PS-M-0525_A_User_Manual_Frame_201706.pdf', '', 'Hier der Link dazu…', 'Ich würde es einfach mal ohne riskieren.', 'Ich habe heute eine entsprechende Auskunft bekommen.', '', 'Meine Wohngebäudeversicherung würde durch die 16,8kWp um 130 Euro teuer werden. Darin ist der normale Versicherungsschutz, Sturm, Feuer, Blitz usw. enthalten. Für diesen Versicherungsschutz muss sie nicht gewartet werden.', '', 'Wenn man den Ausfall und die Entschädigung mitversichern will, würde dies zusätzlich 128 Euro kosten.', '', 'Die Versicherung sagte, dass die Wohngebäudeversicherung durch die PV ansteigen muss, denn durch sie würden mögliche Brände schlechter gelöscht werden können, so dass das Risiko ansteigt.', '', 'Wie verhält es sich bei euch mit dem Aufpreis durch die PV bei der Wohngebäudeversicherung????', '', 'Bei der Ausfallgeschichte wird eine Wartung nach Herstellervorgaben empfohlen. Sollte z.B. alles durchgerostet sein und dadurch ein Ausfall entstehen, würde man mal nachfragen, wann die Anlage das letzte mal gewartet wurde…alles andere klang nicht so dramatisch, so dass man vielleicht nicht jährlich wartet aber vielleicht alle paar Jahre. Risiko ist hier ja höchstens der Ertragsausfall.', '', 'Habt ihr eine Ausfallentschädigung abgeschlossen? Die möglichen Kosten, wenn man mal vielleicht ein halbes Jahr auf den WR warten müsste, wären bei ca. 1000 Euro (Einspeisung und eigener Verbrauch). Rechtfertig dieses Betrag die Versicherungssumme?', '', 'Zur Info: Gerade gab es wieder ein starkes Gewitter und letzte Monat ist der Blitz beim Nachbarn eingeschlagen…..diese Argumente sprechen fast auch dafür diese abzuschließen.', '', 'Dadurch würden zusätzlichen Kosten für die PV von 260 Euro für die Versicherung entstehen, die man dann wieder bei der Steuer angeben könnte….(hier muss ich noch mal die genauen Konsequenzen durchschauen).', '', 'Vielen Dank für euere Rückmeldung.', 'Deutschland Land der Versicherungen.', 'PV nicht in die WGV nehmen.', 'Allgefahrenversicherung für die PV machen, kostet um 75,- bei EFH Größe.', 'Sunsafe100 o.ä.', '', 'Ausfall natürlich nicht versichern, das ist albern.', 'Wenn der Blitz einschlägt hast DU sicher andere Sorgen als den finanziellen Ausfall einer 16KWp Anlage zu versichern.']"
Erfahrungen für DIY Anlagen,"['Hi zusammen,', 'ich hab eine 12kpw Anlage (Kosten ca. 9000EUR) selbst errichtet und von einem eingetragenen Elektriker in Betrieb nehmen lassen.', 'Ein Teil der Anlage befindet sich ballastwert auf dem Flachdach meines Gartenhauses (Holzständer Bauweise, 100kg/m2 Tragfähigkeit), der andere Teil dachparallel auf meiner Fertiggarage. Das Ganze läuft jetzt seit gut 1 Jahr ohne Probleme inkl. Schneelast im Winter.', 'Jetzt suche ich nach Empfehlungen für eine Versicherung. Ertragsausfall ist mir nicht so wichtig, da ich hauptsächlich auf EV setze. Wichtiger ist mir z.B. Hagel etc.', '', 'Hat jemand von euch gute Erfahrungen mit einer Versicherung gemacht, die nicht total kleinkariert ist und keine Doktorarbeit verlangt?', 'Vielen Dank für euren Input!!', 'VG,', 'Dominik', 'Das ist eine interessante Frage - vielleicht hier noch mal stellen bzw. diesen Thread hier verlinken?', 'Ich selbst habe da leider keine Erfahrung mit der ich dienen koennte.', '', 'Gruss und Danke,\nPNT', 'Hallo Layer8,', '', 'sofern deine DIY PV-Anlage fachgerecht montiert und abgenommen wurde, sollte das Versichern kein Problem darstellen. Da es sich um eine Kleinanlage handelt, kann der Part Ertragsausfall nicht herausgenommen werden, da bei allen Anbietern der Mindestbeitrag greift. D. h. selbst wenn der Ertragsausfall herausgenommen wird, gibt es keine Beitragsreduzierung.', '', 'Gruß', 'rosa', 'Hallo Layer8,', '', 'sofern deine DIY PV-Anlage fachgerecht montiert und abgenommen wurde, sollte das Versichern kein Problem darstellen. Da es sich um eine Kleinanlage handelt, kann der Part Ertragsausfall nicht herausgenommen werden, da bei allen Anbietern der Mindestbeitrag greift. D. h. selbst wenn der Ertragsausfall herausgenommen wird, gibt es keine Beitragsreduzierung.', '', 'Gruß', 'rosa', 'Hi und danke für die Antwort!', 'Wie weise ich denn die Abnahme nach? Reicht da das Inbetriebnahme Protokoll, das auch der NB vom Solateur bekommen hat?', 'VG', 'Hallo,', '', 'es muss eine anlagenspezifische Abnahme durch einen Elektrofachbetrieb erfolgen.', '', 'Gruß', 'rosa', '""....Wichtiger ist mir z.B. Hagel etc.""', 'Es gibt sogar noch wichtigeres als Hagel.', 'Hast Du die viel, viel wichtigeren Versicherungen schon informiert bzw. eine ""Freigabe"" deiner Selbstbau-Anlage erfragt und erhalten?', 'Dies wäre in der Reihenfolge:', '1. private Haftpflichtversicherung (bei Sturm segelt ein Modul auf Nachbars Auto, oder noch schlimmer, auf...)', '2. Wohngebäudeversicherung (durch Überhitzung deines WR brennt dein Häuschen nieder, oder....)', '', '(Schau mal in den Vertragsbedingungen Deiner Wohngebäudeversicherung was dort zu PV steht. Es steht bei einigen explizit von ""Fachunternehmen""....)']"
PV-Anlage in bestehende WGV aufnehmen?,"['Ich habe mal unsere WGV wegen der neu installierten PV-Anlage angefragt.', 'Wir sind bei der WGV-Versicherung versichert und haben dort die Bausteine Feuer, Leitungswasser, Sturm/Hagel und Elementar.', 'Folgendes schreibt die WGV:', '', 'Der jährliche Mehrbeitrag zur Mitversicherung der Photovoltaikanlage in derWohngebäudeversicherung gegen die im Vertrag vereinbarten Gefahren Feuer, Leitungswasser,Sturm/ Hagel und Elementar beträgt 35,01 EUR.Einen umfangreicheren Versicherungsschutz bietet die wgv Versicherung zur Photovoltaikanlagenicht an.', '', 'Im Flyer der Wohngebäudeversicherung steht:', '', 'Unsere Wohngebäudeversicherung kann Ihre Photovoltaikanlage bereits gegen Feuer, Leitungswasser,', 'Sturm/Hagel und Weitere Elementargefahren absichern.', 'Vandalismus, Bedienungsfehler, Feuchtigkeit oder Fahrlässigkeit sind damit jedoch nicht abgedeckt.', 'Mit dem Erweiterten Schutz für Photovoltaikanlagen genießen Sie die Sicherheit einer sogenannten', 'Allgefahrendeckung inklusive einer Ertragsausfallversicherung. Haben Sie die Anlage beispielsweise', 'falsch bedient und produzieren deshalb keinen Strom mehr, übernehmen wir die Kosten für die Schäden an den empfindlichen Elektronikteilen und ersetzen die ausgefallenen Erträge.', '', 'Was meint ihr? Dort die Anlage mit aufnehmen oder eine andere Versicherung für PV abschließen?', 'PV über separate Allgefahrenversicherung absichern.', 'Sunsafe100 oder ähnlich, kostet 50,- bis 100,- im Jahr.', '', 'Oder wie hoch schätzt Du z.B. die Gefahr für die PV durch Leitungswasser ein?', '', 'Die WGV hilft nicht bei starkem Wind, solange es kein Sturm ist.', 'Sie hilft nicht bei Schneedruck.', 'Sie hilft nicht bei Vandalismus z.B. Steinewerfer.', 'Naja, Leitungswasser birgt vielleicht ein kleines Restrisiko.', 'Man sieht halt echt den Wald vor lauter Bäumen nicht. Und wenn am Ende am Gebäude was passiert, schickt einen wenn es blöd läuft noch die eine Versicherung zur anderen und umgekehrt.', 'Hallo McEgg,', '', 'die Wohngebäudeversicherung hat halt ein eingeschränktes Leistungsspektrum. Den umfangreichsten Schutz erhältst Du, für kleines Geld, über eine spezielle Photovoltaikversicherung (Allgefahrendeckung).', '', 'Gruß', 'rosa', 'rosa', 'Bei euch war ich natürlich auch schon auf der Seite. Tu mir aber schwer mit dem ganzen Versicherungskram. Jeder hat das beste Produkt. Von daher bringt es irgendwie nicht viel sich beraten zu lassen.', 'Hab halt auch bedenken, dass bei unterschiedlichen Versicherungen die eine an die andere verweist und keiner zahlen will.', '', 'Und dann kommt noch dazu, dass es ein DIY Projekt war. Da darf dann nicht irgendwo in den Versicherungsbedingungen stehen, dass die Anlage von einem Fachbetrieb gebaut sein muss.', '', 'Kannst du da nochmal was empfehlen? Gerade im Bezug auf DIY.', 'Hallo McEgg,', '', 'wir haben z. B. bei der Condor folgendes in den Bedingungen stehen:', '', 'Eigenleistungen', 'Der Versicherungsschutz besteht auch für solche Anlagen, die ganz oder teilweise in Eigenregie des', 'Versicherungsnehmers montiert werden. Die Installation hat nach den anerkannten Regeln der Technik zu', 'erfolgen.', '', 'Bei Fragen kannst Du uns selbstverständlich jederzeit anrufen! (Berufe dich auf das Forum!)', '', 'Gruß', 'rosa', 'PV über separate Allgefahrenversicherung absichern.', 'Sunsafe100 oder ähnlich, kostet 50,- bis 100,- im Jahr.', '…', 'Die WGV hilft nicht bei starkem Wind, solange es kein Sturm ist.', 'Hmm, habe mal die Bedingungen von WGV mit Sunsafe verglichen. Bei Wind gelten die gleichen Bedingungen, dass erst ab einer gewissen Windstärke bezahlt wird …', 'Ab Windstärke von 8 Beaufort : https://rechner.krist.com/file…edingungen-SunSafe-PV.pdf', '', 'Außerdem sollte man auf jeden Fall die Photovoltaikanlage in die bestehende WGV mit aufnehmen, sonst besteht die Gefahr, dass man geben die Bedingungen verstößt, wenn man die Anlage verschweigt, weil sie ja fest mit dem Haus verbunden ist. Dann droht Unterversicherung!', 'Hagel, Schneedruck, Vandalismus, Wind und kein Sturm ... es gibt nicht DIE Wohngebäudeversicherung.', '', 'Kennen darf und soll die WGV das, aber nicht versichern.']"
Versicherungen,[]
Zugriff verweigert,[]
Welche Versicherung(en) bei Mehrwertsteuererstattung und Teileinspeisung,"['Hallo liebes Forum,', '', 'ich bin neu hier und bin bezüglich Versicherungen bei einer geplanten Mehrwertsteuererstattung und Teileinspeisung gerade sehr verwirrt.', '', 'Die Anlage (PV-Anlage mit Batteriespeicher) soll im September in Betrieb gehen. Wir möchten uns die Mehrwertsteuer zurück holen und werden einen Teil des erzeugten Stroms selbst nutzen und den Rest einspeisen.', '', 'Meine private Haftpflichtversicherung enthält einen Baustein für eine PV-Anlage. Aber greift in diesem Fall überhaupt meine private Haftpflichtversicherung oder sollte ich eine separate Betreiberhaftpflichtversicherung abschließen?', '', 'Gleiches gilt für meine Wohngebäudeversicherung. Hier könnte ich die PV-Anlage mit Speicher mit aufnehmen lassen, aber auch hier die Frage, greift diese oder benötige ich eine separate Versicherung?', '', 'Und wenn ich eine separate Versicherung abschließe und es zu dem sehr unwahrscheinlichen Fall kommt, das der Batteriespeicher sich entzündet und das Haus abbrennt, würde dann die separate Versicherung auch den Feuerschaden am Haus übernehmen? Oder stehe ich dann dumm da, weil ich den Baustein dann ja nicht in meine Wohngebäudeversicherung habe mit aufnehmen lassen.', '', 'Ich hoffe ihr versteht meine (vielleicht als Neuling dummen) Fragen.', '', 'Danke euch.', 'Ich habe weder Speicher noch Versicherung da ich diese mittlerweile gekündigt habe.', 'Elementarschaden ist aber über die PV informiert.', 'Da ohne Speicher sind unsere Anlagen mit in der Wohngebäudeversicherung.', 'Meine Anlage (ohne Speicher) kommt für 4,- EUR Aufpreis in die Wohngebäudeversicherung.', 'Meine primäre Frage bezieht sich darauf das wir ja durch die Mehrwertsteuererstattung eine Form von Gewerbe bezüglich der PV-Anlage betreiben ind ob in diesem Fall meine private Haftpflicht wie auch meine Gebäudeversicherung die sich ja auf mich als Privatperson beziehen überhaupt gelten?', 'ob in diesem Fall meine private Haftpflicht wie auch meine Gebäudeversicherung die sich ja auf mich als Privatperson beziehen überhaupt gelten', 'Hast Du diese schon gefragt?!', '', 'Hängt von deren Bedingungen ab.', 'Anfrage(n) sind raus. Bin ich mal gespannt, was zurück kommt. Mich würde interessieren, wie es bei anderen die sich für die PV-Anlage die Mehrwertsteuer erstattet lassen haben in Sachen Versicherungen verhält.', '', 'Habt ihr eine neue Versicherung benötigt oder reichten eure bestehenden (privaten) Versicherungen aus?', 'Haftpflicht (wenn Module wegfliegen und das Gewächshaus des Nachbarn treffen) ist bei mir in der privaten Haftpflicht drin.', 'Die Anlage ist separat über einen PV Versicherer versichert.', 'Versicherungen haben Versicherungssteuer keine Umsatzsteuer', 'Versicherungen ja, aber auf die Anlage (Material + Installation) habe ich 19% Mehrwertsteuer bezahlt die ich plane mir wieder zu holen.']"
Erfahrungen WÜBA / AIG - Photovoltaikversicherung24.de - EXKLUSIVE- Eggers Insurance Versicherungsmakler,"['Hallo,', '', 'habe vor Jahren eine PV-Versicherung abgeschlossen. Dieser beinhaltet auch eine Elektronikversicherung ""Teil A Elektronik- und Ertragsausfallversicherung"".', '', 'Innere Betriebsschäden elektronischer Bauelemente (Bauteile)', 'Abweichend zu Abschnitt A § 2 Ni. 2 ABE 2008 leistet der Versicherer bis zu einer Erstrisikosumme in', 'Höhe von 2.500 EUR Entschädigung für elektronische Bauelemente der versicherten Sache, ohne dass', 'der Schaden nachweislich auf die Einwirkung einer versicherten Gefahr von außen zurückzuführen ist.', 'Für den daraus resultierenden Ertragsausfallschaden leistet der Versicherer bis zu maximal 1.500 EUR', 'auf Erstes Risiko Entschädigung, ohne dass der Schaden nachweislich auf die Einwirkung einer', 'versicherten Gefahr von außen zurückzuführen ist.', 'Wenn nun nach mehreren Jahren der Wechselrichter den Geist aufgibt, ist dieser tatsächlich versichert ?', '', 'Kann jemand seine Erfahrungen mit diesem Anbieter teilen ? denn was eine Versicherung leistet, erfährt man immer nur im Schadenfall, wenn es zu spät ist ...', 'Interessante Frage ! Habe auch eine Versicherung bei denen.', '', 'Soweit ich mich erinnere wurde diese auch hier im Forum ""beschworen"" , also sollten doch einige hier versichert sein.']"
Nach 5 Jahren: Garantieverlängerung/Wechselrichter sinnvoll?,"['Ein herzliches Hallo an die Forengemeinde!', '', 'Neulich flatterte mir ein Angebot meines PV-Anlagen-Verkäufers/Installateurs ins Haus, welches mich auf die auslaufende Garantie meiner beiden Wechselrichter (\nSMA 4000TL-20 & SMA 3000TL-20\n) hinwies, die nun seit\n5 Jahren zu meiner 7,955 kWp PV-Anlage\ngehören.', '', 'Darin unterbreitet mir man folgendes Angebot: Verlängerung der Garantie der beiden Wechselrichter...', '', '- um 10 Jahre - 575 Euro\n- um 15 Jahre - 1250 Euro\n- um 20 Jahre - 1825 Euro', '', 'Ausserdem warnte man mich, dass ein Wechselrichter-Neugerät aktuell alleine 1,900 Euro kosten würde, zzgl. Austauschkosten. In diversen Shops fand ich die genannten Wechselrichter allerdings deutlich günstiger.', '', 'Meine Frage liegt auf der Hand: lohnt sich eine der genannten Verlängerungsoptionen? Würdet Ihr auf das Angebot eingehen? Bin für jegliche Hilfe und/oder das Aufzeigen von Alternativen dankbar.', 'Herzlich willkommen im Forum,', '', 'wenn die WRs wirklich schon älter als 5 Jahre sind (also z.B. 5 Jahre und 1 Tag), dann hat sich das eh mit der Original-SMA-Garantieverlängerung erledigt, weil die nur bis zu einem Alter von 5 Jahren abschließbar.\nDann würde ich prüfen ob das wirklich eine Original-SMA-Garantie ist oder was selbstgebasteltes vom Solarteur, dass Du zum Popo abputzen nehmen kannst, wenn der Solarteur pleite ist.\nDesweiteren werden WRs in dr Tat eher günstiger (Hast Du ja selber gesehen) und die 1.900 Euro sind Panik-mach-Preise.\nNoch dazu gibt es auch noch 5-Jahres-Verlängerungen von SMA, sodass es preiswerter geht.', '', 'FAZIT: Wenn Verlängerung möglich, dann nur von SMA und definitiv nicht von dem Verkäufer.', 'Herzlich willkommen im Forum,', '', 'wenn die WRs wirklich schon älter als 5 Jahre sind (also z.B. 5 Jahre und 1 Tag), dann hat sich das eh mit der Original-SMA-Garantieverlängerung erledigt, weil die nur bis zu einem Alter von 5 Jahren abschließbar.\nDann würde ich prüfen ob das wirklich eine Original-SMA-Garantie ist oder was selbstgebasteltes vom Solarteur, dass Du zum Popo abputzen nehmen kannst, wenn der Solarteur pleite ist.\nDesweiteren werden WRs in dr Tat eher günstiger (Hast Du ja selber gesehen) und die 1.900 Euro sind Panik-mach-Preise.\nNoch dazu gibt es auch noch 5-Jahres-Verlängerungen von SMA, sodass es preiswerter geht.', '', 'FAZIT: Wenn Verlängerung möglich, dann nur von SMA und definitiv nicht von dem Verkäufer.', '', 'Hallo,\nalles richtig dargelegt. Für 2 Wechselrichter 10 Jahre Garantieverlängerung von SMA und das für 575 €, würde ich sofort machen. Sowas gibt es nicht bei SMA.', '', 'Sonnige Grüße', '', 'braunerbaer', 'Erst mal : Danke für die kompetente Antwort.', '', 'wenn die WRs wirklich schon älter als 5 Jahre sind (also z.B. 5 Jahre und 1 Tag), dann hat sich das eh mit der Original-SMA-Garantieverlängerung erledigt, weil die nur bis zu einem Alter von 5 Jahren abschließbar.', '', 'Ja. Kaufdatum: 30.11.2010 - Also: Seit ein paar Tagen vorbei.', '', 'Dann würde ich prüfen ob das wirklich eine Original-SMA-Garantie ist oder was selbstgebasteltes vom Solarteur, dass Du zum Popo abputzen nehmen kannst, wenn der Solarteur pleite ist.', '', 'Also ich prüf das nochmal, aber ich denke es ist eine Garantieverlängerung vom Installateur. Der ist aber von nem großen lokalen Unternehmen, ich denke nicht, dass die Pleite gehen.', '', 'Noch dazu gibt es auch noch 5-Jahres-Verlängerungen von SMA, sodass es preiswerter geht.', '', 'Ja, aber der Zug ist ja leider abgefahren, oder? Weil die 5 Jahre ja um sind Insofern würde ich - falls ich unbedingt verlängern will - ja eh nicht mehr am Installateur vorbei kommen, korrekt', 'Hallo,\nalles richtig dargelegt. Für 2 Wechselrichter 10 Jahre Garantieverlängerung von SMA und das für 575 €, würde ich sofort machen. Sowas gibt es nicht bei SMA.', '', 'Sonnige Grüße', '', 'braunerbaer', '', '', 'Moin,', '', 'ich denke das ist ein Lapsus: Das soll wohl heißen: auf 10 Jahre usw. - also 5 Jahre Verlängerung. Bei 10 Zusatzjahren wäre es keine Frage: Abschliessen.', '', 'Der Anbieter macht sich lächerlich und will Angst schüren. Bei 8 kWp kauft man eh keine 2 WR mehr - sondern nur 1. Kosten um die 1000 €, wenn es günstig ist.', '', 'Ich würde keine Garantieverlängerung machen, zumal das WR sind, die eigentlich nicht für (vermehrte) Ausfälle bekannt sind.', '', 'Gruß\nMartin', 'Hallo,\nalles richtig dargelegt. Für 2 Wechselrichter 10 Jahre Garantieverlängerung von SMA und das für 575 €, würde ich sofort machen. Sowas gibt es nicht bei SMA.', '', 'Sonnige Grüße', '', 'braunerbaer', '', ""Verstehe Deinen Standpunkt. Nun ja... aber macht nicht erst die Verlängerung um 15 oder gar 20 Jahre Sinn, da die WE's meist erst dann defekt werden?"", 'ich denke das ist ein Lapsus: Das soll wohl heißen: auf 10 Jahre usw. - also 5 Jahre Verlängerung. Bei 10 Zusatzjahren wäre es keine Frage: Abschliessen.', '', 'Mensch Meier! Stimmt!!', '', 'Der Anbieter macht sich lächerlich und will Angst schüren. Bei 8 kWp kauft man eh keine 2 WR mehr - sondern nur 1. Kosten um die 1000 €, wenn es günstig ist.', '', 'Ich würde keine Garantieverlängerung machen, zumal das WR sind, die eigentlich nicht für (vermehrte) Ausfälle bekannt sind.', '', 'Sehr interessant! Verbindlichsten Dank.', 'ich denke das ist ein Lapsus: Das soll wohl heißen:\nauf\n10 Jahre usw. - also 5 Jahre Verlängerung. Bei 10 Zusatzjahren wäre es keine Frage: Abschliessen.', 'Sehe ich genauso !', '', '. Bei 8 kWp kauft man eh keine 2 WR mehr - sondern nur 1. Kosten um die 1000 €, wenn es günstig ist.', 'Bei 8 kWp aus 2010 kauft man mindestens einen 7 kVA WR. Wo es den aber für €1000,- gibt, würde ich gerne wissen.', 'Erst mal : Danke für die kompetente Antwort.', '', '', 'Ja. Kaufdatum: 30.11.2010 - Also: Seit ein paar Tagen vorbei.', '', '', 'Also ich prüf das nochmal, aber ich denke es ist eine Garantieverlängerung vom Installateur. Der ist aber von nem großen lokalen Unternehmen, ich denke nicht, dass die Pleite gehen.', '', '', 'Ja, aber der Zug ist ja leider abgefahren, oder? Weil die 5 Jahre ja um sind Insofern würde ich - falls ich unbedingt verlängern will - ja eh nicht mehr am Installateur vorbei kommen, korrekt', '', 'Wir haben noch November.', 'Am besten mal auf der Seite des Herstellers nachlesen\nhttps://www.sma.de/service/sma…tzt-online-bestellen.html', '', '....Bis zum 31.12.2015 können Sie die Garantieverlängerung für Ihr Gerät aus 2010* doch noch verlängern, auch wenn die 5-jährige Werksgarantie bereits abgelaufen ist. ....', '', 'ich habe da für 5 Jahre Verlängerung für einen 5000 TL 20 250 € bezahlt']"
Versicherung Zollar,"['Hallo', 'bei meinen Angebot ist mir aufgefallen , dass da eine 2 Jährige Versicherung mit drin ist (340€) und ab dem 3 Jahr jährlich 170€ mit Kündigungs Möglichkeit.', '', 'Aber was soll die Versicherung in den ersten 2 Jahren weil Normal muss doch die Firma die Installiert die Gewährleistung auf die Anlage gewähren .Und danach halt kommt die Garantie (Länge unterschiedlich) von den Firmen des Materiales.Und Haftpflicht usw ist dann meine Sache (teilweise schon in den Alt Verträgen/geringe mehr Kosten)', '', 'Danke und Gruß', 'Die ist Blödsinn.']"
Unterstützung bei PV-Versicherung benötigt,"['Hallo zusammen,', '', 'ich hoffe, man kann mir hier ein wenig weiterhelfen.', '', 'Wir wollen auf einem Schrägdach mit Frankfurter Pfannen eine nicht aufgeständerte PV-Anlage mit einer Leistung von 20,52 kWp errichten.', 'Ich hatte nun mal bei der HUK angefragt, was sich in der WGV ändert und was eine Allgefahrendeckung kosten soll. Als ich das Angebot bekommen habe bin ich fast vom Glauben abgefallen.', 'Der Beitrag zur WGV soll von 408 €/a (brutto) auf 599 €/a (brutto) steigen. Hier ist jedoch im Vertrag eine SB von 300 € bereits vorgesehen. Sonst wäre es noch mehr.', 'Die Allgefahrendeckung soll nochmals 180 € (netto) kosten.', '', 'Frage: Ist es normal, dass eine Allgefahrendeckung 180 € kostet und der Beitrag so exorbitant steigt?', '', 'Hat jemand Erfahrung mit VHV?', 'Kennt jemand sonst eine gute Versicherung für PV?', '', 'Vielen Dank schon mal an alle, die hier antworten.', '', 'Gruß', 'The Beginner', 'WGV und PV Versicherung würde ich immer trennen.', '', 'Wegen Allgefahrenversicherung / Elektronikversicherung mal hier im Forum suchen nach sunsafe100 o.ä.', 'Hat jemand Erfahrung mit VHV?', 'keine Guten..ist aber schon laange her...', 'der Beitrag so exorbitant steigt', 'hängt vmtl mit deinem bisherigen Vertrag zusammen, bei mir war das Upgrade der PV kostenlos dabei', 'Kennt jemand sonst eine gute Versicherung für PV?', 'Ob die Versicherung gut ist, stellt man ja meist erst im Schadensfall fest. Mein Markler hat mir gerade ein Angebot für meine neue 20,x kWp Anlage geschickt. 77,35 Euro im Jahr bei der Helvetia. Mit 200 Euro SB.', '', 'Gruß', '', 'Gunther', 'einfach im Internet nach PV Versicherung suchen!', '', 'dort Dann Ergebnisse und spezielle Merkmale vergleichen', '', 'sollte nicht mehr als 60 -70 Euro kosten', 'Kostenlos kann eben auch umsonst sein.', '', 'Ist das denn so schwer.', 'WGV und Allgefahrenversicherung für die PV immer trennen.', 'Die BEdingungen in der WGV für die PV sind schlecht bis völlig unzureichend.', 'Wind, Schneedruck, Hagel, Steine, usw. das ist alles nicht zwingend abgedeckt.', 'In der Allgefahrenversicherung ist ausgenommen von ""inneren Unruhen"" ... Bürgerkrieg, ALLES versichert.', 'Such gerade selber und folgendes ist mir aufgefallen:', '', 'Bestandsanlagen zu versichern könnte ab einem bestimmten Alter schwierig werden, also lieber einen ""soliden jahrelangen bekannten"" Versicherer nehmen,', '', 'Könnte sein dass wir uns auf 10/15/20 Jahre binden', 'So wäre er Passus "" Leistung bei Technologiefortschritt "" zu prüfen : Wenn es bestimmte Technologien von heute in 12 Jahren oder so nicht mehr gibt, wird nur Zeitwert bezahlt oder was ""entsprechendes "" geleistet ????', '', 'Kenne einen Bekannten der einen 20 Jahre alten HUK Vertrag hat und viel mit einschliesst, dass ist aber wohl die Ausnahme', '', 'Ich recherchiere gerade zu den Gesellschaften Inter / Sparkasse / Helvetia', '', 'Gerade Dinge wie Tierverbiss / Leistung unter Windstärke 8 / Bezahlen des Gutachters / Schadenssuche / ""Best Klausel"" für zukünftige Änderungen wenn für VN positiv, sollten meines Erachtens genau angeguckt werden ob es das für jemanden braucht.', '', 'Kann Seppelpeter zustimmen, werde auch WGV von PV auf jeden Fall trennen', 'Habs grad bei Gunter gelesen mit der Helvetia:', '', 'Achtung zu Technologiefortschritt ist meines Wissens nichts im Beitragswerk erwähnt, deswegen hab ich mich gegen Helvetia aktuell entschieden und tendiere zu Inter ( bin aber auch eher im Fokus grosse Gesellschaft mit guter Leistung)', 'bin bei der Condor und habe die Elektronic Pv.... und bin damit super zufrieden.... hatten einen grösseren schaden... ca. 6000€.... haben logischerweise nachgehakt, aber auf Nachweis anstandslos überwiesen....', 'ich bin mit (fast) allen Versicherungen bei EINEM Konzern.', '', 'Zwar nicht die billigste Lösung, dafür im Schadensfall bisher die sorgenfreiste. Zum Ausgleich habe ich nur die wirklich notwendigen Versicherungen: Leben und Berufsunfähigkeit, Haftpflicht und Wohngebäude. Die PV ist separat abgesichert, schon allein deswegen, dass sich die Kosten sauber auch sauber der PV zurechnen lassen.']"
Akkus selber basteln. Gefahrerhöhung in der Gebäudeversicherung?,"['Mir wurde von Youtube dieses Video vorgeschlagen.\n\n\nExterner Inhalt www.youtube.com\nInhalte von externen Seiten werden ohne Ihre Zustimmung nicht automatisch geladen und angezeigt.\nAlle externen Inhalte anzeigen\nDurch die Aktivierung der externen Inhalte erklären Sie sich damit einverstanden, dass personenbezogene Daten an Drittplattformen übermittelt werden. Mehr Informationen dazu haben wir in unserer Datenschutzerklärung zur Verfügung gestellt.\n\n\nDa basteln die sich einen Akku selber zusammen.\n\nWie ist das denn Brandschutztechnisch generell zu sehen?\nDarf man sowas überhaupt?\n\nAuch würde ich sowas in der normalen Wohngebäude als kritisch sehen, da man sich hier ja im Bereich Gefahrerhöhung bewegt und somit seinen Versicherungsschutz riskiert.\n\nKann da wer was dazu sagen?', 'Naja - wenn was passiert weil das Ding abbrennt ist halt nix versichert. Kein Prüfzeichen etc....', '', 'Gibt ja auch eine Speichernorm für stationäre Energiespeicher....']"
